{
"nodes":[
{"name":"Casual Losers","node":0,"color":"#95d5af","month":"Nov-11","departing":451,"joining":0},
{"name":"Casual Winners","node":1,"color":"#53b67d","month":"Nov-11","departing":671,"joining":0},
{"name":"Moderate Farmers","node":2,"color":"#a898b6","month":"Nov-11","departing":270,"joining":0},
{"name":"Moderate","node":3,"color":"#332341","month":"Nov-11","departing":184,"joining":0},
{"name":"Forum","node":4,"color":"#f3bd4e","month":"Nov-11","departing":0,"joining":0},
{"name":"Hardcore","node":5,"color":"#5089a8","month":"Nov-11","departing":169,"joining":0},
{"name":"Casual Losers","node":6,"color":"#95d5af","month":"Dec-11","departing":912,"joining":859},
{"name":"Casual Winners","node":7,"color":"#53b67d","month":"Dec-11","departing":1247,"joining":1112},
{"name":"Moderate Farmers","node":8,"color":"#a898b6","month":"Dec-11","departing":535,"joining":465},
{"name":"Moderate","node":9,"color":"#332341","month":"Dec-11","departing":765,"joining":578},
{"name":"Forum","node":10,"color":"#f3bd4e","month":"Dec-11","departing":30,"joining":89},
{"name":"Hardcore","node":11,"color":"#5089a8","month":"Dec-11","departing":541,"joining":383},
{"name":"Casual Losers","node":12,"color":"#95d5af","month":"Jan-12","departing":541,"joining":302},
{"name":"Casual Winners","node":13,"color":"#53b67d","month":"Jan-12","departing":797,"joining":406},
{"name":"Moderate Miscellanea","node":14,"color":"#c7bfce","month":"Jan-12","departing":203,"joining":122},
{"name":"Moderate Farmers","node":15,"color":"#a898b6","month":"Jan-12","departing":398,"joining":129},
{"name":"Moderate Losers","node":16,"color":"#806b91","month":"Jan-12","departing":372,"joining":153},
{"name":"Forum","node":17,"color":"#f3bd4e","month":"Jan-12","departing":0,"joining":0},
{"name":"Hardcore","node":18,"color":"#5089a8","month":"Jan-12","departing":278,"joining":118},
{"name":"Casual Forum","node":19,"color":"#c7f3d8","month":"Feb-12","departing":32,"joining":25},
{"name":"Casual Losers","node":20,"color":"#95d5af","month":"Feb-12","departing":320,"joining":221},
{"name":"Casual Winners","node":21,"color":"#53b67d","month":"Feb-12","departing":487,"joining":276},
{"name":"Moderate Farmers","node":22,"color":"#a898b6","month":"Feb-12","departing":334,"joining":143},
{"name":"Moderate Losers","node":23,"color":"#806b91","month":"Feb-12","departing":270,"joining":162},
{"name":"Forum","node":24,"color":"#f3bd4e","month":"Feb-12","departing":0,"joining":0},
{"name":"Hardcore","node":25,"color":"#5089a8","month":"Feb-12","departing":184,"joining":132},
{"name":"Casual Forum","node":26,"color":"#c7f3d8","month":"Mar-12","departing":21,"joining":34},
{"name":"Casual Losers","node":27,"color":"#95d5af","month":"Mar-12","departing":258,"joining":234},
{"name":"Casual Winners","node":28,"color":"#53b67d","month":"Mar-12","departing":377,"joining":331},
{"name":"Moderate Miscellanea","node":29,"color":"#c7bfce","month":"Mar-12","departing":136,"joining":143},
{"name":"Moderate Farmers","node":30,"color":"#a898b6","month":"Mar-12","departing":174,"joining":137},
{"name":"Forum","node":31,"color":"#f3bd4e","month":"Mar-12","departing":0,"joining":0},
{"name":"Hardcore","node":32,"color":"#5089a8","month":"Mar-12","departing":138,"joining":136},
{"name":"Casual Forum","node":33,"color":"#c7f3d8","month":"Apr-12","departing":22,"joining":36},
{"name":"Casual Losers","node":34,"color":"#95d5af","month":"Apr-12","departing":289,"joining":307},
{"name":"Casual Winners","node":35,"color":"#53b67d","month":"Apr-12","departing":406,"joining":418},
{"name":"Moderate Miscellanea","node":36,"color":"#c7bfce","month":"Apr-12","departing":160,"joining":208},
{"name":"Moderate Farmers","node":37,"color":"#a898b6","month":"Apr-12","departing":194,"joining":202},
{"name":"Forum","node":38,"color":"#f3bd4e","month":"Apr-12","departing":0,"joining":0},
{"name":"Hardcore","node":39,"color":"#5089a8","month":"Apr-12","departing":173,"joining":194},
{"name":"Casual Forum","node":40,"color":"#c7f3d8","month":"May-12","departing":39,"joining":41},
{"name":"Casual Losers","node":41,"color":"#95d5af","month":"May-12","departing":290,"joining":271},
{"name":"Casual Winners","node":42,"color":"#53b67d","month":"May-12","departing":473,"joining":426},
{"name":"Moderate Miscellanea","node":43,"color":"#c7bfce","month":"May-12","departing":227,"joining":236},
{"name":"Moderate Farmers","node":44,"color":"#a898b6","month":"May-12","departing":265,"joining":242},
{"name":"Forum","node":45,"color":"#f3bd4e","month":"May-12","departing":0,"joining":0},
{"name":"Hardcore","node":46,"color":"#5089a8","month":"May-12","departing":206,"joining":232},
{"name":"Casual Losers","node":47,"color":"#95d5af","month":"Jun-12","departing":271,"joining":179},
{"name":"Casual Winners","node":48,"color":"#53b67d","month":"Jun-12","departing":360,"joining":264},
{"name":"Moderate Miscellanea","node":49,"color":"#c7bfce","month":"Jun-12","departing":149,"joining":94},
{"name":"Moderate Farmers","node":50,"color":"#a898b6","month":"Jun-12","departing":152,"joining":104},
{"name":"Moderate Losers","node":51,"color":"#806b91","month":"Jun-12","departing":182,"joining":137},
{"name":"Forum","node":52,"color":"#f3bd4e","month":"Jun-12","departing":0,"joining":0},
{"name":"Hardcore","node":53,"color":"#5089a8","month":"Jun-12","departing":141,"joining":132},
{"name":"Casual Losers","node":54,"color":"#95d5af","month":"Jul-12","departing":187,"joining":120},
{"name":"Casual Winners","node":55,"color":"#53b67d","month":"Jul-12","departing":354,"joining":254},
{"name":"Moderate Miscellanea","node":56,"color":"#c7bfce","month":"Jul-12","departing":121,"joining":59},
{"name":"Moderate Farmers","node":57,"color":"#a898b6","month":"Jul-12","departing":167,"joining":93},
{"name":"Moderate Losers","node":58,"color":"#806b91","month":"Jul-12","departing":150,"joining":104},
{"name":"Forum","node":59,"color":"#f3bd4e","month":"Jul-12","departing":0,"joining":0},
{"name":"Hardcore","node":60,"color":"#5089a8","month":"Jul-12","departing":128,"joining":107},
{"name":"Casual Losers","node":61,"color":"#95d5af","month":"Aug-12","departing":328,"joining":371},
{"name":"Casual Winners","node":62,"color":"#53b67d","month":"Aug-12","departing":520,"joining":569},
{"name":"Moderate Farmers","node":63,"color":"#a898b6","month":"Aug-12","departing":163,"joining":160},
{"name":"Moderate Losers","node":64,"color":"#806b91","month":"Aug-12","departing":286,"joining":416},
{"name":"Moderate Winners","node":65,"color":"#5d4a6c","month":"Aug-12","departing":286,"joining":329},
{"name":"Hardcore","node":66,"color":"#5089a8","month":"Aug-12","departing":218,"joining":416},
{"name":"Casual Losers","node":67,"color":"#95d5af","month":"Sep-12","departing":335,"joining":398},
{"name":"Casual Winners","node":68,"color":"#53b67d","month":"Sep-12","departing":739,"joining":814},
{"name":"Moderate Farmers","node":69,"color":"#a898b6","month":"Sep-12","departing":322,"joining":334},
{"name":"Moderate Losers","node":70,"color":"#806b91","month":"Sep-12","departing":307,"joining":360},
{"name":"Forum","node":71,"color":"#f3bd4e","month":"Sep-12","departing":0,"joining":0},
{"name":"Hardcore","node":72,"color":"#5089a8","month":"Sep-12","departing":341,"joining":498},
{"name":"Casual Losers","node":73,"color":"#95d5af","month":"Oct-12","departing":321,"joining":342},
{"name":"Casual Winners","node":74,"color":"#53b67d","month":"Oct-12","departing":892,"joining":883},
{"name":"Moderate Miscellanea","node":75,"color":"#c7bfce","month":"Oct-12","departing":350,"joining":411},
{"name":"Moderate Farmers","node":76,"color":"#a898b6","month":"Oct-12","departing":461,"joining":367},
{"name":"Forum","node":77,"color":"#f3bd4e","month":"Oct-12","departing":0,"joining":0},
{"name":"Hardcore","node":78,"color":"#5089a8","month":"Oct-12","departing":363,"joining":512},
{"name":"Casual","node":79,"color":"#398b5c","month":"Nov-12","departing":1322,"joining":948},
{"name":"Moderate Miscellanea","node":80,"color":"#c7bfce","month":"Nov-12","departing":577,"joining":320},
{"name":"Moderate Farmers","node":81,"color":"#a898b6","month":"Nov-12","departing":628,"joining":313},
{"name":"Forum","node":82,"color":"#f3bd4e","month":"Nov-12","departing":0,"joining":0},
{"name":"Hardcore","node":83,"color":"#5089a8","month":"Nov-12","departing":800,"joining":306},
{"name":"Casual","node":84,"color":"#398b5c","month":"Dec-12","departing":0,"joining":169},
{"name":"Moderate Miscellanea","node":85,"color":"#c7bfce","month":"Dec-12","departing":0,"joining":36},
{"name":"Moderate Farmers","node":86,"color":"#a898b6","month":"Dec-12","departing":0,"joining":60},
{"name":"Forum","node":87,"color":"#f3bd4e","month":"Dec-12","departing":0,"joining":12},
{"name":"Hardcore","node":88,"color":"#5089a8","month":"Dec-12","departing":0,"joining":28}
],

"links":[
{"source":3,"target":9,"value":112},
{"source":3,"target":8,"value":249},
{"source":3,"target":6,"value":93},
{"source":3,"target":10,"value":52},
{"source":3,"target":7,"value":92},
{"source":3,"target":11,"value":248},
{"source":4,"target":9,"value":6},
{"source":4,"target":8,"value":12},
{"source":4,"target":6,"value":5},
{"source":4,"target":10,"value":71},
{"source":4,"target":7,"value":9},
{"source":4,"target":11,"value":29},
{"source":5,"target":9,"value":194},
{"source":5,"target":8,"value":202},
{"source":5,"target":6,"value":36},
{"source":5,"target":10,"value":91},
{"source":5,"target":7,"value":62},
{"source":5,"target":11,"value":805},
{"source":0,"target":9,"value":70},
{"source":0,"target":8,"value":131},
{"source":0,"target":6,"value":145},
{"source":0,"target":10,"value":27},
{"source":0,"target":7,"value":157},
{"source":0,"target":11,"value":75},
{"source":1,"target":9,"value":163},
{"source":1,"target":8,"value":172},
{"source":1,"target":6,"value":179},
{"source":1,"target":10,"value":31},
{"source":1,"target":7,"value":232},
{"source":1,"target":11,"value":109},
{"source":2,"target":9,"value":222},
{"source":2,"target":8,"value":117},
{"source":2,"target":6,"value":62},
{"source":2,"target":10,"value":31},
{"source":2,"target":7,"value":88},
{"source":2,"target":11,"value":194},
{"source":9,"target":15,"value":136},
{"source":9,"target":17,"value":13},
{"source":9,"target":12,"value":71},
{"source":9,"target":13,"value":129},
{"source":9,"target":16,"value":93},
{"source":9,"target":14,"value":58},
{"source":9,"target":18,"value":80},
{"source":8,"target":15,"value":101},
{"source":8,"target":17,"value":28},
{"source":8,"target":12,"value":107},
{"source":8,"target":13,"value":145},
{"source":8,"target":16,"value":110},
{"source":8,"target":14,"value":183},
{"source":8,"target":18,"value":139},
{"source":6,"target":15,"value":36},
{"source":6,"target":17,"value":14},
{"source":6,"target":12,"value":132},
{"source":6,"target":13,"value":122},
{"source":6,"target":16,"value":79},
{"source":6,"target":14,"value":51},
{"source":6,"target":18,"value":33},
{"source":10,"target":15,"value":30},
{"source":10,"target":17,"value":121},
{"source":10,"target":12,"value":24},
{"source":10,"target":13,"value":27},
{"source":10,"target":16,"value":22},
{"source":10,"target":14,"value":36},
{"source":10,"target":18,"value":102},
{"source":7,"target":15,"value":65},
{"source":7,"target":17,"value":21},
{"source":7,"target":12,"value":119},
{"source":7,"target":13,"value":174},
{"source":7,"target":16,"value":52},
{"source":7,"target":14,"value":47},
{"source":7,"target":18,"value":27},
{"source":11,"target":15,"value":186},
{"source":11,"target":17,"value":47},
{"source":11,"target":12,"value":46},
{"source":11,"target":13,"value":99},
{"source":11,"target":16,"value":140},
{"source":11,"target":14,"value":141},
{"source":11,"target":18,"value":643},
{"source":15,"target":21,"value":65},
{"source":15,"target":25,"value":49},
{"source":15,"target":22,"value":103},
{"source":15,"target":24,"value":4},
{"source":15,"target":23,"value":35},
{"source":15,"target":20,"value":24},
{"source":15,"target":19,"value":5},
{"source":17,"target":21,"value":12},
{"source":17,"target":25,"value":45},
{"source":17,"target":22,"value":28},
{"source":17,"target":24,"value":72},
{"source":17,"target":23,"value":19},
{"source":17,"target":20,"value":12},
{"source":17,"target":19,"value":37},
{"source":12,"target":21,"value":75},
{"source":12,"target":25,"value":31},
{"source":12,"target":22,"value":28},
{"source":12,"target":24,"value":3},
{"source":12,"target":23,"value":60},
{"source":12,"target":20,"value":58},
{"source":12,"target":19,"value":5},
{"source":13,"target":21,"value":99},
{"source":13,"target":25,"value":24},
{"source":13,"target":22,"value":42},
{"source":13,"target":24,"value":1},
{"source":13,"target":23,"value":65},
{"source":13,"target":20,"value":63},
{"source":13,"target":19,"value":11},
{"source":16,"target":21,"value":43},
{"source":16,"target":25,"value":53},
{"source":16,"target":22,"value":59},
{"source":16,"target":24,"value":4},
{"source":16,"target":23,"value":81},
{"source":16,"target":20,"value":29},
{"source":16,"target":19,"value":8},
{"source":14,"target":21,"value":85},
{"source":14,"target":25,"value":94},
{"source":14,"target":22,"value":94},
{"source":14,"target":24,"value":14},
{"source":14,"target":23,"value":90},
{"source":14,"target":20,"value":45},
{"source":14,"target":19,"value":13},
{"source":18,"target":21,"value":56},
{"source":18,"target":25,"value":444},
{"source":18,"target":22,"value":219},
{"source":18,"target":24,"value":33},
{"source":18,"target":23,"value":76},
{"source":18,"target":20,"value":24},
{"source":18,"target":19,"value":12},
{"source":21,"target":28,"value":82},
{"source":21,"target":27,"value":48},
{"source":21,"target":29,"value":30},
{"source":21,"target":32,"value":23},
{"source":21,"target":30,"value":31},
{"source":21,"target":26,"value":7},
{"source":21,"target":31,"value":3},
{"source":25,"target":28,"value":52},
{"source":25,"target":27,"value":28},
{"source":25,"target":29,"value":133},
{"source":25,"target":32,"value":375},
{"source":25,"target":30,"value":73},
{"source":25,"target":26,"value":8},
{"source":25,"target":31,"value":19},
{"source":22,"target":28,"value":65},
{"source":22,"target":27,"value":30},
{"source":22,"target":29,"value":67},
{"source":22,"target":32,"value":81},
{"source":22,"target":30,"value":123},
{"source":22,"target":26,"value":9},
{"source":22,"target":31,"value":7},
{"source":24,"target":28,"value":5},
{"source":24,"target":27,"value":3},
{"source":24,"target":29,"value":16},
{"source":24,"target":32,"value":40},
{"source":24,"target":30,"value":17},
{"source":24,"target":26,"value":12},
{"source":24,"target":31,"value":36},
{"source":23,"target":28,"value":68},
{"source":23,"target":27,"value":74},
{"source":23,"target":29,"value":70},
{"source":23,"target":32,"value":49},
{"source":23,"target":30,"value":45},
{"source":23,"target":26,"value":6},
{"source":23,"target":31,"value":6},
{"source":20,"target":28,"value":47},
{"source":20,"target":27,"value":45},
{"source":20,"target":29,"value":29},
{"source":20,"target":32,"value":12},
{"source":20,"target":30,"value":15},
{"source":20,"target":26,"value":7},
{"source":20,"target":31,"value":1},
{"source":19,"target":28,"value":11},
{"source":19,"target":27,"value":9},
{"source":19,"target":29,"value":10},
{"source":19,"target":32,"value":7},
{"source":19,"target":30,"value":2},
{"source":19,"target":26,"value":24},
{"source":19,"target":31,"value":21},
{"source":28,"target":34,"value":57},
{"source":28,"target":37,"value":28},
{"source":28,"target":38,"value":10},
{"source":28,"target":36,"value":57},
{"source":28,"target":35,"value":93},
{"source":28,"target":33,"value":6},
{"source":28,"target":39,"value":33},
{"source":27,"target":34,"value":47},
{"source":27,"target":37,"value":22},
{"source":27,"target":38,"value":6},
{"source":27,"target":36,"value":46},
{"source":27,"target":35,"value":58},
{"source":27,"target":33,"value":6},
{"source":27,"target":39,"value":28},
{"source":29,"target":34,"value":38},
{"source":29,"target":37,"value":35},
{"source":29,"target":38,"value":12},
{"source":29,"target":36,"value":126},
{"source":29,"target":35,"value":57},
{"source":29,"target":33,"value":7},
{"source":29,"target":39,"value":87},
{"source":32,"target":34,"value":21},
{"source":32,"target":37,"value":66},
{"source":32,"target":38,"value":36},
{"source":32,"target":36,"value":81},
{"source":32,"target":35,"value":28},
{"source":32,"target":33,"value":7},
{"source":32,"target":39,"value":346},
{"source":30,"target":34,"value":28},
{"source":30,"target":37,"value":80},
{"source":30,"target":38,"value":12},
{"source":30,"target":36,"value":46},
{"source":30,"target":35,"value":50},
{"source":30,"target":33,"value":5},
{"source":30,"target":39,"value":48},
{"source":26,"target":34,"value":7},
{"source":26,"target":37,"value":4},
{"source":26,"target":38,"value":25},
{"source":26,"target":36,"value":10},
{"source":26,"target":35,"value":6},
{"source":26,"target":33,"value":19},
{"source":26,"target":39,"value":15},
{"source":31,"target":34,"value":3},
{"source":31,"target":37,"value":7},
{"source":31,"target":38,"value":41},
{"source":31,"target":36,"value":14},
{"source":31,"target":35,"value":4},
{"source":31,"target":33,"value":7},
{"source":31,"target":39,"value":29},
{"source":34,"target":45,"value":3},
{"source":34,"target":44,"value":24},
{"source":34,"target":42,"value":57},
{"source":34,"target":40,"value":14},
{"source":34,"target":46,"value":31},
{"source":34,"target":41,"value":48},
{"source":34,"target":43,"value":42},
{"source":37,"target":45,"value":4},
{"source":37,"target":44,"value":66},
{"source":37,"target":42,"value":47},
{"source":37,"target":40,"value":13},
{"source":37,"target":46,"value":51},
{"source":37,"target":41,"value":29},
{"source":37,"target":43,"value":40},
{"source":38,"target":45,"value":68},
{"source":38,"target":44,"value":9},
{"source":38,"target":42,"value":5},
{"source":38,"target":40,"value":16},
{"source":38,"target":46,"value":35},
{"source":38,"target":41,"value":4},
{"source":38,"target":43,"value":19},
{"source":36,"target":45,"value":11},
{"source":36,"target":44,"value":49},
{"source":36,"target":42,"value":62},
{"source":36,"target":40,"value":15},
{"source":36,"target":46,"value":122},
{"source":36,"target":41,"value":45},
{"source":36,"target":43,"value":124},
{"source":35,"target":45,"value":8},
{"source":35,"target":44,"value":46},
{"source":35,"target":42,"value":102},
{"source":35,"target":40,"value":12},
{"source":35,"target":46,"value":37},
{"source":35,"target":41,"value":46},
{"source":35,"target":43,"value":57},
{"source":33,"target":45,"value":22},
{"source":33,"target":44,"value":4},
{"source":33,"target":42,"value":4},
{"source":33,"target":40,"value":21},
{"source":33,"target":46,"value":7},
{"source":33,"target":41,"value":10},
{"source":33,"target":43,"value":3},
{"source":39,"target":45,"value":34},
{"source":39,"target":44,"value":97},
{"source":39,"target":42,"value":37},
{"source":39,"target":40,"value":8},
{"source":39,"target":46,"value":312},
{"source":39,"target":41,"value":27},
{"source":39,"target":43,"value":92},
{"source":45,"target":53,"value":55},
{"source":45,"target":47,"value":3},
{"source":45,"target":52,"value":83},
{"source":45,"target":51,"value":10},
{"source":45,"target":49,"value":15},
{"source":45,"target":50,"value":8},
{"source":45,"target":48,"value":5},
{"source":44,"target":53,"value":58},
{"source":44,"target":47,"value":43},
{"source":44,"target":52,"value":8},
{"source":44,"target":51,"value":25},
{"source":44,"target":49,"value":38},
{"source":44,"target":50,"value":55},
{"source":44,"target":48,"value":45},
{"source":42,"target":53,"value":16},
{"source":42,"target":47,"value":62},
{"source":42,"target":52,"value":7},
{"source":42,"target":51,"value":27},
{"source":42,"target":49,"value":42},
{"source":42,"target":50,"value":21},
{"source":42,"target":48,"value":92},
{"source":40,"target":53,"value":14},
{"source":40,"target":47,"value":9},
{"source":40,"target":52,"value":38},
{"source":40,"target":51,"value":9},
{"source":40,"target":49,"value":10},
{"source":40,"target":50,"value":5},
{"source":40,"target":48,"value":16},
{"source":46,"target":53,"value":316},
{"source":46,"target":47,"value":32},
{"source":46,"target":52,"value":39},
{"source":46,"target":51,"value":79},
{"source":46,"target":49,"value":75},
{"source":46,"target":50,"value":45},
{"source":46,"target":48,"value":35},
{"source":41,"target":53,"value":18},
{"source":41,"target":47,"value":53},
{"source":41,"target":52,"value":4},
{"source":41,"target":51,"value":28},
{"source":41,"target":49,"value":24},
{"source":41,"target":50,"value":12},
{"source":41,"target":48,"value":51},
{"source":43,"target":53,"value":56},
{"source":43,"target":47,"value":58},
{"source":43,"target":52,"value":18},
{"source":43,"target":51,"value":68},
{"source":43,"target":49,"value":96},
{"source":43,"target":50,"value":24},
{"source":43,"target":48,"value":66},
{"source":53,"target":57,"value":56},
{"source":53,"target":54,"value":23},
{"source":53,"target":58,"value":52},
{"source":53,"target":60,"value":273},
{"source":53,"target":59,"value":15},
{"source":53,"target":56,"value":83},
{"source":53,"target":55,"value":22},
{"source":47,"target":57,"value":20},
{"source":47,"target":54,"value":43},
{"source":47,"target":58,"value":16},
{"source":47,"target":60,"value":16},
{"source":47,"target":59,"value":7},
{"source":47,"target":56,"value":22},
{"source":47,"target":55,"value":44},
{"source":52,"target":57,"value":8},
{"source":52,"target":54,"value":10},
{"source":52,"target":58,"value":8},
{"source":52,"target":60,"value":55},
{"source":52,"target":59,"value":71},
{"source":52,"target":56,"value":22},
{"source":52,"target":55,"value":15},
{"source":51,"target":57,"value":19},
{"source":51,"target":54,"value":25},
{"source":51,"target":58,"value":41},
{"source":51,"target":60,"value":35},
{"source":51,"target":59,"value":3},
{"source":51,"target":56,"value":49},
{"source":51,"target":55,"value":29},
{"source":49,"target":57,"value":22},
{"source":49,"target":54,"value":30},
{"source":49,"target":58,"value":30},
{"source":49,"target":60,"value":28},
{"source":49,"target":59,"value":7},
{"source":49,"target":56,"value":72},
{"source":49,"target":55,"value":56},
{"source":50,"target":57,"value":29},
{"source":50,"target":54,"value":11},
{"source":50,"target":58,"value":16},
{"source":50,"target":60,"value":25},
{"source":50,"target":59,"value":9},
{"source":50,"target":56,"value":12},
{"source":50,"target":55,"value":20},
{"source":48,"target":57,"value":25},
{"source":48,"target":54,"value":31},
{"source":48,"target":58,"value":17},
{"source":48,"target":60,"value":24},
{"source":48,"target":59,"value":7},
{"source":48,"target":56,"value":32},
{"source":48,"target":55,"value":78},
{"source":57,"target":61,"value":14},
{"source":57,"target":65,"value":38},
{"source":57,"target":62,"value":14},
{"source":57,"target":66,"value":15},
{"source":57,"target":64,"value":8},
{"source":57,"target":63,"value":16},
{"source":54,"target":61,"value":32},
{"source":54,"target":65,"value":22},
{"source":54,"target":62,"value":19},
{"source":54,"target":66,"value":11},
{"source":54,"target":64,"value":16},
{"source":54,"target":63,"value":6},
{"source":58,"target":61,"value":20},
{"source":58,"target":65,"value":22},
{"source":58,"target":62,"value":19},
{"source":58,"target":66,"value":28},
{"source":58,"target":64,"value":29},
{"source":58,"target":63,"value":16},
{"source":60,"target":61,"value":11},
{"source":60,"target":65,"value":41},
{"source":60,"target":62,"value":24},
{"source":60,"target":66,"value":230},
{"source":60,"target":64,"value":53},
{"source":60,"target":63,"value":76},
{"source":59,"target":61,"value":3},
{"source":59,"target":65,"value":9},
{"source":59,"target":62,"value":17},
{"source":59,"target":66,"value":46},
{"source":59,"target":64,"value":11},
{"source":59,"target":63,"value":12},
{"source":56,"target":61,"value":20},
{"source":56,"target":65,"value":48},
{"source":56,"target":62,"value":27},
{"source":56,"target":66,"value":63},
{"source":56,"target":64,"value":55},
{"source":56,"target":63,"value":17},
{"source":55,"target":61,"value":35},
{"source":55,"target":65,"value":33},
{"source":55,"target":62,"value":48},
{"source":55,"target":66,"value":17},
{"source":55,"target":64,"value":20},
{"source":55,"target":63,"value":11},
{"source":61,"target":67,"value":30},
{"source":61,"target":70,"value":20},
{"source":61,"target":71,"value":5},
{"source":61,"target":68,"value":52},
{"source":61,"target":69,"value":42},
{"source":61,"target":72,"value":29},
{"source":65,"target":67,"value":28},
{"source":65,"target":70,"value":41},
{"source":65,"target":71,"value":11},
{"source":65,"target":68,"value":50},
{"source":65,"target":69,"value":81},
{"source":65,"target":72,"value":45},
{"source":62,"target":67,"value":33},
{"source":62,"target":70,"value":37},
{"source":62,"target":71,"value":9},
{"source":62,"target":68,"value":74},
{"source":62,"target":69,"value":34},
{"source":62,"target":72,"value":30},
{"source":66,"target":67,"value":22},
{"source":66,"target":70,"value":56},
{"source":66,"target":71,"value":44},
{"source":66,"target":68,"value":36},
{"source":66,"target":69,"value":98},
{"source":66,"target":72,"value":352},
{"source":64,"target":67,"value":29},
{"source":64,"target":70,"value":75},
{"source":64,"target":71,"value":16},
{"source":64,"target":68,"value":50},
{"source":64,"target":69,"value":48},
{"source":64,"target":72,"value":104},
{"source":63,"target":67,"value":7},
{"source":63,"target":70,"value":18},
{"source":63,"target":71,"value":6},
{"source":63,"target":68,"value":13},
{"source":63,"target":69,"value":63},
{"source":63,"target":72,"value":44},
{"source":67,"target":73,"value":27},
{"source":67,"target":75,"value":51},
{"source":67,"target":77,"value":5},
{"source":67,"target":76,"value":37},
{"source":67,"target":78,"value":45},
{"source":67,"target":74,"value":47},
{"source":70,"target":73,"value":30},
{"source":70,"target":75,"value":75},
{"source":70,"target":77,"value":7},
{"source":70,"target":76,"value":54},
{"source":70,"target":78,"value":84},
{"source":70,"target":74,"value":50},
{"source":71,"target":73,"value":5},
{"source":71,"target":75,"value":5},
{"source":71,"target":77,"value":38},
{"source":71,"target":76,"value":6},
{"source":71,"target":78,"value":19},
{"source":71,"target":74,"value":10},
{"source":68,"target":73,"value":48},
{"source":68,"target":75,"value":61},
{"source":68,"target":77,"value":11},
{"source":68,"target":76,"value":58},
{"source":68,"target":78,"value":57},
{"source":68,"target":74,"value":115},
{"source":69,"target":73,"value":26},
{"source":69,"target":75,"value":65},
{"source":69,"target":77,"value":10},
{"source":69,"target":76,"value":107},
{"source":69,"target":78,"value":105},
{"source":69,"target":74,"value":65},
{"source":72,"target":73,"value":18},
{"source":72,"target":75,"value":115},
{"source":72,"target":77,"value":26},
{"source":72,"target":76,"value":112},
{"source":72,"target":78,"value":434},
{"source":72,"target":74,"value":56},
{"source":73,"target":81,"value":32},
{"source":73,"target":82,"value":3},
{"source":73,"target":79,"value":70},
{"source":73,"target":80,"value":44},
{"source":73,"target":83,"value":26},
{"source":75,"target":81,"value":76},
{"source":75,"target":82,"value":11},
{"source":75,"target":79,"value":111},
{"source":75,"target":80,"value":110},
{"source":75,"target":83,"value":125},
{"source":77,"target":81,"value":6},
{"source":77,"target":82,"value":25},
{"source":77,"target":79,"value":9},
{"source":77,"target":80,"value":13},
{"source":77,"target":83,"value":25},
{"source":76,"target":81,"value":94},
{"source":76,"target":82,"value":3},
{"source":76,"target":79,"value":68},
{"source":76,"target":80,"value":39},
{"source":76,"target":83,"value":76},
{"source":78,"target":81,"value":133},
{"source":78,"target":82,"value":30},
{"source":78,"target":79,"value":89},
{"source":78,"target":80,"value":131},
{"source":78,"target":83,"value":510},
{"source":74,"target":81,"value":61},
{"source":74,"target":82,"value":6},
{"source":74,"target":79,"value":135},
{"source":74,"target":80,"value":65},
{"source":74,"target":83,"value":67},
{"source":81,"target":84,"value":27},
{"source":81,"target":86,"value":33},
{"source":81,"target":88,"value":10},
{"source":81,"target":87,"value":5},
{"source":81,"target":85,"value":12},
{"source":82,"target":84,"value":5},
{"source":82,"target":86,"value":10},
{"source":82,"target":88,"value":14},
{"source":82,"target":87,"value":14},
{"source":82,"target":85,"value":5},
{"source":79,"target":84,"value":57},
{"source":79,"target":86,"value":25},
{"source":79,"target":88,"value":12},
{"source":79,"target":87,"value":0},
{"source":79,"target":85,"value":14},
{"source":80,"target":84,"value":47},
{"source":80,"target":86,"value":29},
{"source":80,"target":88,"value":22},
{"source":80,"target":87,"value":5},
{"source":80,"target":85,"value":42},
{"source":83,"target":84,"value":50},
{"source":83,"target":86,"value":55},
{"source":83,"target":88,"value":145},
{"source":83,"target":87,"value":5},
{"source":83,"target":85,"value":80}
]}
