{"chunk_definitions":[{"row":12,"row_count":1,"visible":true,"expansion_state":0,"options":{"engine":"r","label":"setup","include":false},"document_id":"5406AF56","chunk_id":"csetup_chunk","chunk_label":"setup"},{"row":23,"row_count":1,"visible":true,"expansion_state":0,"options":{"engine":"r","eval":false,"message":false,"warning":false,"include":false,"label":"unnamed-chunk-106"},"document_id":"5406AF56","chunk_id":"civyhhroozzgn","chunk_label":"unnamed-chunk-1"},{"row":37,"row_count":1,"visible":true,"expansion_state":0,"options":{"engine":"r","echo":false,"message":false,"label":"unnamed-chunk-107"},"document_id":"5406AF56","chunk_id":"cuub3sxqmi7l9","chunk_label":"unnamed-chunk-2"}],"doc_write_time":1651549235,"working_dir":null,"default_chunk_options":{"echo":false}}