Date,Baseline Period,Actual Consumption (kWh),Avg WB Temperature (°F),Product A,Product B,Seasonal Indicator,"Max (AvgWB,55) (°F)",Total Production,Expected Consumption (kWh),Actual Minus Expected (kWh),Cumulative Energy Savings (kWh)
1/1/2014,1000000.00,53757.39,53.14,135249.76,273359.78,0.00,55.00,408609.53,65195.52,11438.13,0.00
1/2/2014,1000000.00,47778.01,51.45,0.00,0.00,0.00,55.00,0.00,50894.19,3116.17,3116.17
1/3/2014,1000000.00,70153.83,41.39,147185.53,346725.65,0.00,55.00,493911.18,68181.08,-1972.75,1143.42
1/4/2014,1000000.00,72805.76,35.97,249292.60,349968.46,0.00,55.00,599261.06,71868.32,-937.43,205.99
1/5/2014,1000000.00,70841.87,36.07,245493.57,343220.03,0.00,55.00,588713.60,71499.16,657.29,863.28
1/6/2014,1000000.00,63689.89,43.50,279235.74,0.00,0.00,55.00,279235.74,60667.44,-3022.46,-2159.18
1/7/2014,1000000.00,57914.31,38.58,141725.30,0.00,0.00,55.00,141725.30,55854.57,-2059.74,-4218.92
1/8/2014,1000000.00,68507.71,45.24,123323.54,291907.22,0.00,55.00,415230.76,65427.26,-3080.45,-7299.37
1/9/2014,1000000.00,70658.97,52.92,253445.36,413516.11,0.00,55.00,666961.46,74237.84,3578.87,-3720.50
1/10/2014,1000000.00,80445.27,60.49,244107.89,422853.57,0.00,60.49,666961.46,77760.00,-2685.28,-6405.78
1/11/2014,1000000.00,74690.57,63.80,218493.89,447646.01,0.00,63.80,666139.90,79860.05,5169.48,-1236.30
1/12/2014,1000000.00,75364.60,60.10,226429.94,361699.78,0.00,60.10,588129.72,74749.50,-615.10,-1851.39
1/13/2014,1000000.00,65989.45,61.71,211196.53,0.00,0.00,61.71,211196.53,62591.82,-3397.63,-5249.02
1/14/2014,1000000.00,69756.10,64.20,48819.94,0.00,0.00,64.20,48819.94,58507.92,-11248.18,-16497.20
1/15/2014,1000000.00,70383.87,61.68,125672.13,282354.26,0.00,61.68,408026.39,69459.47,-924.40,-17421.60
1/16/2014,1000000.00,78083.06,65.14,206844.20,403315.68,0.00,65.14,610159.88,78756.56,673.49,-16748.11
1/17/2014,1000000.00,73622.70,51.90,188448.17,268950.30,0.00,55.00,457398.47,66903.13,-6719.57,-23467.67
1/18/2014,1000000.00,73158.43,38.78,211829.68,378225.14,0.00,55.00,590054.82,71546.10,-1612.33,-25080.00
1/19/2014,1000000.00,70104.59,38.39,125636.88,283603.77,0.00,55.00,409240.65,65217.61,-4886.99,-29966.99
1/20/2014,1000000.00,58579.68,42.89,153783.02,0.00,0.00,55.00,153783.02,56276.59,-2303.09,-32270.08
1/21/2014,1000000.00,51788.43,41.10,109586.13,0.00,0.00,55.00,109586.13,54729.70,2941.27,-29328.81
1/22/2014,1000000.00,48409.67,33.87,22335.91,34354.21,0.00,55.00,56690.12,52878.34,4468.67,-24860.14
1/23/2014,1000000.00,61054.67,36.07,104055.45,189886.50,0.00,55.00,293941.96,61182.15,127.48,-24732.66
1/24/2014,1000000.00,72759.81,47.03,257943.09,383706.38,0.00,55.00,641649.47,73351.92,592.11,-24140.55
1/25/2014,1000000.00,72292.26,36.86,222966.75,337251.21,0.00,55.00,560217.95,70501.81,-1790.45,-25930.99
1/26/2014,1000000.00,67300.79,42.67,183197.20,346274.48,0.00,55.00,529471.68,69425.69,2124.90,-23806.09
1/27/2014,1000000.00,58742.29,41.30,373147.94,0.00,0.00,55.00,373147.94,63954.36,5212.07,-18594.02
1/28/2014,1000000.00,56813.91,47.03,0.00,0.00,0.00,55.00,0.00,50894.19,-5919.73,-24513.74
1/29/2014,1000000.00,67570.22,56.98,128409.02,245961.30,0.00,56.98,374370.32,65270.15,-2300.07,-26813.81
1/30/2014,1000000.00,72370.13,61.94,136114.87,385398.05,0.00,61.94,521512.92,73599.99,1229.85,-25583.96
1/31/2014,1000000.00,70103.70,37.83,202116.77,406668.67,0.00,55.00,608785.44,72201.68,2097.98,-23485.99
2/1/2014,1000000.00,71580.64,34.55,222576.07,475154.55,0.00,55.00,697730.61,75314.76,3734.12,-19751.87
2/2/2014,1000000.00,69000.02,33.05,148534.74,416236.14,0.00,55.00,564770.88,70661.17,1661.14,-18090.73
2/3/2014,1000000.00,62133.88,41.71,247754.27,0.00,0.00,55.00,247754.27,59565.58,-2568.30,-20659.03
2/4/2014,1000000.00,53697.12,37.06,25185.77,0.00,0.00,55.00,25185.77,51775.69,-1921.43,-22580.46
2/5/2014,1000000.00,65176.68,46.59,147889.76,221834.64,0.00,55.00,369724.39,63834.54,-1342.14,-23922.60
2/6/2014,1000000.00,69259.61,49.55,160142.07,224814.83,0.00,55.00,384956.91,64367.68,-4891.93,-28814.53
2/7/2014,1000000.00,67581.56,47.33,219633.42,342088.89,0.00,55.00,561722.31,70554.47,2972.90,-25841.63
2/8/2014,1000000.00,71949.43,49.07,198094.61,355242.29,0.00,55.00,553336.90,70260.98,-1688.45,-27530.08
2/9/2014,1000000.00,65304.98,40.74,137884.23,382433.62,0.00,55.00,520317.85,69105.31,3800.33,-23729.75
2/10/2014,1000000.00,61968.29,48.91,215508.08,0.00,0.00,55.00,215508.08,58436.97,-3531.32,-27261.07
2/11/2014,1000000.00,53535.70,59.48,0.00,0.00,0.00,59.48,0.00,53766.47,230.77,-27030.30
2/12/2014,1000000.00,65525.78,51.43,182674.17,276306.16,0.00,55.00,458980.33,66958.50,1432.72,-25597.58
2/13/2014,1000000.00,69316.30,50.44,165026.71,330549.00,0.00,55.00,495575.72,68239.34,-1076.96,-26674.54
2/14/2014,1000000.00,69487.56,40.63,225328.42,309893.48,0.00,55.00,535221.89,69626.95,139.39,-26535.15
2/15/2014,1000000.00,71417.43,42.41,138362.26,368459.21,0.00,55.00,506821.47,68632.94,-2784.50,-29319.65
2/16/2014,1000000.00,68373.14,36.45,202870.28,360658.28,0.00,55.00,563528.57,70617.68,2244.54,-27075.10
2/17/2014,1000000.00,56306.08,29.88,111714.97,0.00,0.00,55.00,111714.97,54804.21,-1501.87,-28576.98
2/18/2014,1000000.00,49519.61,35.69,85478.07,0.00,0.00,55.00,85478.07,53885.92,4366.31,-24210.67
2/19/2014,1000000.00,62841.92,44.40,135071.87,268127.74,0.00,55.00,403199.61,65006.17,2164.25,-22046.42
2/20/2014,1000000.00,68402.68,35.57,189855.74,347979.21,0.00,55.00,537834.95,69718.41,1315.73,-20730.69
2/21/2014,1000000.00,70149.05,40.21,149524.62,384491.87,0.00,55.00,534016.49,69584.76,-564.29,-21294.98
2/22/2014,1000000.00,72510.97,46.44,233227.89,363262.88,0.00,55.00,596490.77,71771.36,-739.60,-22034.59
2/23/2014,1000000.00,67701.21,44.53,195932.75,367092.40,0.00,55.00,563025.15,70600.07,2898.86,-19135.73
2/24/2014,1000000.00,59739.75,48.59,103898.67,0.00,0.00,55.00,103898.67,54530.64,-5209.11,-24344.84
2/25/2014,1000000.00,57476.89,46.58,188300.51,0.00,0.00,55.00,188300.51,57484.70,7.81,-24337.03
2/26/2014,1000000.00,70078.64,49.79,213145.70,333381.74,0.00,55.00,546527.44,70022.65,-55.99,-24393.02
2/27/2014,1000000.00,68639.89,43.51,169693.05,290179.71,0.00,55.00,459872.75,66989.73,-1650.16,-26043.18
2/28/2014,1000000.00,71101.46,41.41,159196.64,311799.33,0.00,55.00,470995.97,67379.04,-3722.41,-29765.59
3/1/2014,1000000.00,69055.82,36.53,270260.77,412215.92,0.00,55.00,682476.69,74780.87,5725.05,-24040.54
3/2/2014,1000000.00,67377.47,34.39,185107.21,316538.34,0.00,55.00,501645.55,68451.78,1074.30,-22966.23
3/3/2014,1000000.00,51512.74,31.71,119661.18,0.00,0.00,55.00,119661.18,55082.33,3569.59,-19396.64
3/4/2014,1000000.00,51314.62,35.58,123728.40,0.00,0.00,55.00,123728.40,55224.68,3910.06,-15486.58
3/5/2014,1000000.00,64139.84,50.48,99665.81,283664.22,0.00,55.00,383330.02,64310.74,170.90,-15315.68
3/6/2014,1000000.00,68780.72,35.53,158185.69,296370.89,0.00,55.00,454556.58,66803.67,-1977.05,-17292.74
3/7/2014,1000000.00,70372.83,37.44,219576.13,369099.82,0.00,55.00,588675.95,71497.84,1125.01,-16167.73
3/8/2014,1000000.00,68513.68,40.25,164635.70,346655.29,0.00,55.00,511290.99,68789.37,275.69,-15892.03
3/9/2014,1000000.00,68373.14,36.45,207942.04,355586.53,0.00,55.00,563528.57,70617.68,2244.54,-13647.49
3/10/2014,1000000.00,56306.08,29.88,111714.97,0.00,0.00,55.00,111714.97,54804.21,-1501.87,-15149.36
3/11/2014,1000000.00,41241.58,42.32,0.00,0.00,0.00,55.00,0.00,50894.19,9652.61,-5496.76
3/12/2014,1000000.00,65113.73,50.43,133452.47,263727.50,0.00,55.00,397179.98,64795.48,-318.24,-5815.00
3/13/2014,1000000.00,66114.76,56.47,120183.54,277775.19,0.00,56.47,397958.73,65764.12,-350.64,-6165.64
3/14/2014,1000000.00,70405.65,48.56,189713.12,340211.79,0.00,55.00,529924.91,69441.56,-964.10,-7129.73
3/15/2014,1000000.00,73219.00,41.07,149498.71,406258.58,0.00,55.00,555757.30,70345.69,-2873.31,-10003.05
3/16/2014,1000000.00,71361.93,35.45,132000.00,346260.87,0.00,55.00,478260.87,67633.32,-3728.62,-13731.66
3/17/2014,1000000.00,54962.81,44.57,91996.70,0.00,0.00,55.00,91996.70,54114.07,-848.74,-14580.41
3/18/2014,1000000.00,55717.69,51.76,229267.98,0.00,0.00,55.00,229267.98,58918.56,3200.87,-11379.54
3/19/2014,1000000.00,66893.22,57.29,104470.79,235824.94,0.00,57.29,340295.72,64275.45,-2617.77,-13997.31
3/20/2014,1000000.00,70483.23,58.83,157364.79,427634.42,0.00,58.83,584999.21,73826.92,3343.69,-10653.62
3/21/2014,1000000.00,71221.40,51.36,230600.86,327754.73,0.00,55.00,558355.59,70436.63,-784.77,-11438.39
3/22/2014,1000000.00,70030.90,41.78,186299.59,273699.39,0.00,55.00,459998.98,66994.15,-3036.75,-14475.14
3/23/2014,1000000.00,68587.67,36.52,238184.56,345601.13,0.00,55.00,583785.69,71326.68,2739.01,-11736.12
3/24/2014,1000000.00,51715.33,40.58,48561.58,0.00,0.00,55.00,48561.58,52593.84,878.51,-10857.62
3/25/2014,1000000.00,44628.40,49.40,0.00,0.00,0.00,55.00,0.00,50894.19,6265.79,-4591.83
3/26/2014,1000000.00,62949.63,53.25,150209.93,253580.20,0.00,55.00,403790.13,65026.84,2077.21,-2514.62
3/27/2014,1000000.00,71167.69,38.40,215078.56,294586.28,0.00,55.00,509664.84,68732.45,-2435.24,-4949.86
3/28/2014,1000000.00,70705.22,33.62,180666.97,391063.95,0.00,55.00,571730.92,70904.77,199.55,-4750.31
3/29/2014,1000000.00,73355.06,35.25,227136.46,339288.62,0.00,55.00,566425.08,70719.06,-2636.00,-7386.31
3/30/2014,1000000.00,71108.62,40.12,171800.66,332013.58,0.00,55.00,503814.24,68527.68,-2580.93,-9967.24
3/31/2014,1000000.00,55557.47,43.96,43753.26,0.00,0.00,55.00,43753.26,52425.55,-3131.92,-13099.16
4/1/2014,1000000.00,48446.37,52.93,0.00,0.00,0.00,55.00,0.00,50894.19,2447.82,-10651.34
4/2/2014,1000000.00,54503.32,59.45,53753.02,121338.25,0.00,59.45,175091.27,59881.30,5377.98,-5273.37
4/3/2014,1000000.00,62717.80,58.75,98751.50,211787.81,0.00,58.75,310539.32,64172.68,1454.88,-3818.49
4/4/2014,1000000.00,72108.76,51.74,158971.20,303154.39,0.00,55.00,462125.59,67068.58,-5040.18,-8858.66
4/5/2014,1000000.00,70864.85,48.55,202202.24,362608.49,0.00,55.00,564810.74,70662.56,-202.29,-9060.95
4/6/2014,1000000.00,68284.23,46.12,189194.11,265599.42,0.00,55.00,454793.52,66811.96,-1472.27,-10533.22
4/7/2014,1000000.00,50834.54,45.58,132678.50,0.00,0.00,55.00,132678.50,55537.93,4703.40,-5829.82
4/8/2014,1000000.00,48571.68,48.55,0.00,0.00,0.00,55.00,0.00,50894.19,2322.50,-3507.32
4/9/2014,1000000.00,68046.42,54.13,118977.70,257534.01,0.00,55.00,376511.70,64072.09,-3974.33,-7481.65
4/10/2014,1000000.00,75328.19,57.88,153370.11,342973.29,0.00,57.88,496343.40,70114.20,-5213.99,-12695.64
4/11/2014,1000000.00,76558.38,62.34,148271.29,381269.04,0.00,62.34,529540.33,74137.69,-2420.70,-15116.34
4/12/2014,1000000.00,77440.67,62.60,193700.42,282221.99,0.00,62.60,475922.40,72429.54,-5011.12,-20127.46
4/13/2014,1000000.00,71051.03,66.73,166759.88,396618.10,0.00,66.73,563377.99,78140.80,7089.77,-13037.69
4/14/2014,1000000.00,54361.00,62.69,123114.99,0.00,0.00,62.69,123114.99,60137.45,5776.45,-7261.24
4/15/2014,1000000.00,52600.60,51.98,0.00,0.00,0.00,55.00,0.00,50894.19,-1706.42,-8967.65
4/16/2014,1000000.00,68028.82,55.54,129009.50,266725.17,0.00,55.54,395734.67,65089.89,-2938.93,-11906.58
4/17/2014,1000000.00,75325.21,61.90,205659.62,287528.91,0.00,61.90,493188.53,72581.89,-2743.32,-14649.90
4/18/2014,1000000.00,73818.73,63.99,144933.00,330257.16,0.00,63.99,475190.16,73294.49,-524.24,-15174.15
4/19/2014,1000000.00,76298.20,64.85,200681.95,372695.05,0.00,64.85,573377.00,77284.62,986.42,-14187.73
4/20/2014,1000000.00,68455.49,65.10,188178.16,340412.17,0.00,65.10,528590.33,75880.23,7424.73,-6762.99
4/21/2014,1000000.00,56255.66,62.73,81118.54,0.00,0.00,62.73,81118.54,58694.31,2438.66,-4324.33
4/22/2014,1000000.00,50419.50,46.25,0.00,0.00,0.00,55.00,0.00,50894.19,474.68,-3849.65
4/23/2014,1000000.00,64030.93,48.63,91507.06,256428.54,0.00,55.00,347935.60,63071.93,-959.00,-4808.65
4/24/2014,1000000.00,73759.95,52.12,154274.82,377707.32,0.00,55.00,531982.14,69513.56,-4246.39,-9055.04
4/25/2014,1000000.00,74754.13,52.73,189016.65,343424.62,0.00,55.00,532441.27,69529.63,-5224.50,-14279.54
4/26/2014,1000000.00,74373.40,59.13,151277.27,311344.36,0.00,59.13,462621.63,69737.59,-4635.81,-18915.35
4/27/2014,1000000.00,73978.96,57.76,209243.94,399023.32,0.00,57.76,608267.26,73957.99,-20.96,-18936.31
4/28/2014,1000000.00,61017.97,52.44,161607.44,0.00,0.00,55.00,161607.44,56550.45,-4467.53,-23403.84
4/29/2014,1000000.00,51824.83,57.83,0.00,0.00,0.00,57.83,0.00,52710.09,885.26,-22518.58
4/30/2014,1000000.00,63901.44,62.90,134401.10,214692.67,0.00,62.90,349093.77,68183.10,4281.66,-18236.93
5/1/2014,1000000.00,73541.54,63.48,145649.67,216662.94,0.00,63.48,362312.60,69017.50,-4524.05,-22760.97
5/2/2014,1000000.00,75920.16,62.63,200387.24,289557.11,0.00,62.63,489944.35,72941.71,-2978.46,-25739.43
5/3/2014,1000000.00,72165.75,61.85,195247.32,282129.99,0.00,61.85,477377.30,71999.08,-166.67,-25906.10
5/4/2014,1000000.00,72357.60,62.11,128223.89,334678.24,0.00,62.11,462902.13,71660.93,-696.67,-26602.77
5/5/2014,1000000.00,52335.05,60.90,114831.45,0.00,0.00,60.90,114831.45,58700.21,6365.16,-20237.61
5/6/2014,1000000.00,44168.31,57.46,0.00,0.00,0.00,57.46,0.00,52472.07,8303.76,-11933.85
5/7/2014,1000000.00,71667.77,56.43,144893.42,328614.49,0.00,56.43,473507.91,68381.60,-3286.17,-15220.01
5/8/2014,1000000.00,74383.55,50.19,201513.86,337293.24,0.00,55.00,538807.10,69752.43,-4631.11,-19851.13
5/9/2014,1000000.00,74155.00,54.30,175579.11,354871.37,0.00,55.00,530450.47,69459.95,-4695.04,-24546.17
5/10/2014,1000000.00,76246.28,57.42,231661.21,326558.57,0.00,57.42,558219.77,71983.02,-4263.27,-28809.43
5/11/2014,1000000.00,73435.92,61.51,156098.81,336326.47,0.00,61.51,492425.28,72306.46,-1129.46,-29938.90
5/12/2014,1000000.00,57347.70,62.90,63776.38,0.00,0.00,62.90,63776.38,58199.66,851.96,-29086.93
5/13/2014,1000000.00,43966.31,64.80,0.00,0.00,0.00,64.80,0.00,57184.33,13218.02,-15868.91
5/14/2014,1000000.00,57232.83,59.47,68474.24,124410.94,0.00,59.47,192885.18,60514.78,3281.95,-12586.95
5/15/2014,1000000.00,75934.19,48.48,184186.04,359135.60,0.00,55.00,543321.64,69910.44,-6023.75,-18610.70
5/16/2014,1000000.00,75895.10,53.00,180790.50,377204.87,0.00,55.00,557995.38,70424.02,-5471.08,-24081.78
5/17/2014,1000000.00,77855.11,61.73,152555.82,260874.59,0.00,61.73,413430.41,69680.70,-8174.40,-32256.18
5/18/2014,1000000.00,73830.66,62.16,171898.13,292691.42,0.00,62.16,464589.55,71752.08,-2078.58,-34334.76
5/19/2014,1000000.00,51939.41,65.88,5174.45,0.00,0.00,65.88,5174.45,58060.78,6121.37,-28213.39
5/20/2014,1000000.00,54711.28,67.04,0.00,0.00,0.00,67.04,0.00,58623.15,3911.87,-24301.52
5/21/2014,1000000.00,76477.52,67.77,138751.21,363970.56,0.00,67.77,502721.77,76686.43,208.91,-24092.61
5/22/2014,1000000.00,79201.66,69.68,179750.89,350487.73,0.00,69.68,530238.62,78874.39,-327.27,-24419.88
5/23/2014,1000000.00,79102.90,70.20,139144.04,312622.32,0.00,70.20,451766.36,76462.16,-2640.74,-27060.62
5/24/2014,1000000.00,78272.53,68.99,141464.63,380545.07,0.00,68.99,522009.70,78145.10,-127.43,-27188.05
5/25/2014,1000000.00,75281.35,67.83,234207.90,358723.50,0.00,67.83,592931.40,79881.21,4599.86,-22588.19
5/26/2014,1000000.00,65640.05,61.71,199304.89,0.00,0.00,61.71,199304.89,62175.61,-3464.44,-26052.63
5/27/2014,1000000.00,50299.56,57.08,0.00,0.00,0.00,57.08,0.00,52226.03,1926.47,-24126.15
5/28/2014,1000000.00,54473.78,61.83,0.00,0.00,0.00,61.83,0.00,55274.82,801.05,-23325.11
5/29/2014,1000000.00,75841.10,65.73,198936.18,324580.09,0.00,65.73,523516.27,76101.12,260.02,-23065.09
5/30/2014,1000000.00,80198.22,66.06,150943.68,275450.90,0.00,66.06,426394.58,72915.81,-7282.41,-30347.50
5/31/2014,1000000.00,81116.31,67.77,206070.49,374409.76,0.00,67.77,580480.24,79405.30,-1711.01,-32058.51
6/1/2014,1000000.00,78565.83,70.36,212836.19,395267.20,0.00,70.36,608103.39,82035.58,3469.75,-28588.76
6/2/2014,1000000.00,63129.55,70.26,51910.58,0.00,0.00,70.26,51910.58,62507.32,-622.23,-29210.99
6/3/2014,1000000.00,60451.36,70.65,0.00,0.00,0.00,70.65,0.00,60941.84,490.48,-28720.51
6/4/2014,1000000.00,78160.04,70.92,125112.44,283751.75,0.00,70.92,408864.19,75423.25,-2736.79,-31457.30
6/5/2014,1000000.00,79353.23,71.35,145594.61,291626.45,0.00,71.35,437221.06,76691.20,-2662.03,-34119.33
6/6/2014,1000000.00,80771.99,73.74,152597.30,386615.78,0.00,73.74,539213.08,81796.02,1024.03,-33095.30
6/7/2014,1000000.00,80011.74,72.54,173920.62,349936.67,0.00,72.54,523857.30,80485.67,473.93,-32621.37
6/8/2014,1000000.00,78813.78,70.70,151651.94,380460.12,0.00,70.70,532112.06,79595.18,781.41,-31839.97
6/9/2014,1000000.00,60056.92,70.62,63776.38,0.00,0.00,70.62,63776.38,63153.96,3097.04,-28742.93
6/10/2014,1000000.00,59731.09,70.03,0.00,0.00,0.00,70.03,0.00,60538.01,806.92,-27936.01
6/11/2014,1000000.00,76542.27,72.80,152698.61,284833.22,0.00,72.80,437531.83,77635.44,1093.17,-26842.84
6/12/2014,1000000.00,82629.66,72.78,164537.80,291245.58,0.00,72.78,455783.39,78258.20,-4371.46,-31214.30
6/13/2014,1000000.00,81372.91,74.15,201442.32,275909.15,0.00,74.15,477351.47,79890.28,-1482.63,-32696.93
6/14/2014,1000000.00,81138.99,76.02,144313.92,351610.20,0.00,76.02,495924.13,81741.12,602.13,-32094.80
6/15/2014,1000000.00,76909.27,75.23,205155.04,307732.57,0.00,75.23,512887.61,81829.38,4920.12,-27174.69
6/16/2014,1000000.00,66715.69,70.35,91678.55,0.00,0.00,70.35,91678.55,63958.04,-2757.65,-29932.34
6/17/2014,1000000.00,57715.00,67.69,0.00,0.00,1.00,67.69,0.00,60752.44,3037.44,-26894.90
6/18/2014,1000000.00,70354.33,70.82,80608.22,227056.73,1.00,70.82,307664.95,73529.17,3174.84,-23720.06
6/19/2014,1000000.00,77556.73,73.15,156142.01,254758.01,1.00,73.15,410900.02,78642.73,1085.99,-22634.06
6/20/2014,1000000.00,81266.69,73.41,169273.69,337533.76,1.00,73.41,506807.45,82162.63,895.93,-21738.13
6/21/2014,1000000.00,80452.73,72.73,181368.91,350504.72,1.00,72.73,531873.63,82604.02,2151.28,-19586.85
6/22/2014,1000000.00,80029.05,71.52,237601.97,384392.71,1.00,71.52,621994.68,84982.68,4953.64,-14633.21
6/23/2014,1000000.00,70143.08,69.59,224038.17,0.00,1.00,69.59,224038.17,69815.97,-327.12,-14960.33
6/24/2014,1000000.00,62918.30,69.83,0.00,0.00,1.00,69.83,0.00,62124.39,-793.91,-15754.24
6/25/2014,1000000.00,81846.73,72.17,253533.60,472923.70,1.00,72.17,726457.30,89056.08,7209.35,-8544.89
6/26/2014,1000000.00,88160.58,72.60,204403.28,581763.18,1.00,72.60,786166.46,91418.69,3258.11,-5286.78
6/27/2014,1000000.00,89201.60,72.55,245177.14,509214.06,1.00,72.55,754391.21,90277.13,1075.54,-4211.24
6/28/2014,1000000.00,87670.95,73.83,257929.84,460537.69,1.00,73.83,718467.53,89840.84,2169.89,-2041.35
6/29/2014,1000000.00,91061.95,74.75,311831.76,540167.58,1.00,74.75,851999.34,95102.82,4040.87,1999.52
6/30/2014,1000000.00,82917.58,74.06,571250.38,0.00,1.00,74.06,571250.38,84838.01,1920.42,3919.94
7/1/2014,1000000.00,81223.43,72.89,428821.63,0.00,1.00,72.89,428821.63,79098.82,-2124.60,1795.34
7/2/2014,1000000.00,90328.85,72.62,236375.65,575911.81,1.00,72.62,812287.47,92348.97,2020.12,3815.46
7/3/2014,1000000.00,90439.24,72.81,330824.75,492122.38,1.00,72.81,822947.13,92845.08,2405.83,6221.29
7/4/2014,1000000.00,87306.64,72.89,247465.10,459578.05,1.00,72.89,707043.15,88836.58,1529.94,7751.23
7/5/2014,1000000.00,83724.08,73.10,59192.00,153728.86,1.00,73.10,212920.85,71681.36,-12042.72,-4291.49
7/6/2014,1000000.00,85194.46,72.95,114360.74,304543.07,1.00,72.95,418903.81,78791.82,-6402.65,-10694.14
7/7/2014,1000000.00,71483.07,73.27,169003.73,0.00,1.00,73.27,169003.73,70248.57,-1234.51,-11928.65
7/8/2014,1000000.00,70666.13,74.11,0.00,0.00,1.00,74.11,0.00,64873.66,-5792.47,-17721.12
7/9/2014,1000000.00,79003.54,74.71,98075.16,258561.79,1.00,74.71,356636.95,77741.07,-1262.48,-18983.59
7/10/2014,1000000.00,86886.53,74.70,158075.26,287207.17,1.00,74.70,445282.43,80835.63,-6050.90,-25034.49
7/11/2014,1000000.00,89388.98,74.23,276076.38,392389.43,1.00,74.23,668465.82,88344.85,-1044.13,-26078.61
7/12/2014,1000000.00,90197.86,74.78,230514.89,327632.54,1.00,74.78,558147.44,84836.72,-5361.14,-31439.75
7/13/2014,1000000.00,85635.75,73.80,222628.46,524446.91,1.00,73.80,747075.38,90826.07,5190.32,-26249.44
7/14/2014,1000000.00,78599.25,74.95,280426.38,0.00,1.00,74.95,280426.38,75228.81,-3370.44,-29619.87
7/15/2014,1000000.00,72695.36,73.36,16763.45,0.00,1.00,73.36,16763.45,64981.67,-7713.69,-37333.57
7/16/2014,1000000.00,83618.16,71.21,162941.36,352695.86,0.00,71.21,515637.23,79348.85,-4269.31,-41602.88
7/17/2014,1000000.00,85422.42,73.43,136487.92,299575.72,0.00,73.43,436063.64,77985.21,-7437.21,-49040.09
7/18/2014,1000000.00,83806.14,74.65,172491.82,443550.40,0.00,74.65,616042.22,85070.73,1264.59,-47775.49
7/19/2014,1000000.00,86379.60,74.89,224562.54,358716.78,0.00,74.89,583279.32,84076.47,-2303.13,-50078.62
7/20/2014,1000000.00,85310.53,73.34,177344.52,449314.55,0.00,73.34,626659.07,84599.89,-710.64,-50789.26
7/21/2014,1000000.00,72157.99,74.80,125824.75,0.00,0.00,74.80,125824.75,68006.72,-4151.27,-54940.53
7/22/2014,1000000.00,64553.98,74.18,0.00,0.00,0.00,74.18,0.00,63207.05,-1346.93,-56287.47
7/23/2014,1000000.00,79903.43,74.12,185300.47,266651.90,0.00,74.12,451952.38,78982.59,-920.84,-57208.31
7/24/2014,1000000.00,80546.12,73.91,185680.14,470433.43,0.00,73.91,656113.57,85997.19,5451.06,-51757.25
7/25/2014,1000000.00,82700.67,73.31,156679.35,413063.73,0.00,73.31,569743.07,82589.11,-111.56,-51868.81
7/26/2014,1000000.00,81436.47,73.53,226148.62,419990.29,0.00,73.53,646138.91,85399.36,3962.89,-47905.92
7/27/2014,1000000.00,81862.54,75.06,246574.16,365272.40,0.00,75.06,611846.56,85181.96,3319.42,-44586.50
7/28/2014,1000000.00,76523.47,74.80,269583.66,0.00,0.00,74.80,269583.66,73040.96,-3482.52,-48069.02
7/29/2014,1000000.00,69830.99,73.91,0.00,0.00,0.00,73.91,0.00,63033.21,-6797.78,-54866.79
7/30/2014,1000000.00,73660.89,73.41,104958.07,156131.66,0.00,73.41,261089.74,71847.75,-1813.14,-56679.93
7/31/2014,1000000.00,80797.65,75.20,201139.47,388712.35,0.00,75.20,589851.83,84504.41,3706.76,-52973.17
8/1/2014,1000000.00,83696.63,72.45,177158.25,476562.23,0.00,72.45,653720.48,84974.72,1278.09,-51695.09
8/2/2014,1000000.00,85468.67,72.50,229605.50,476872.96,0.00,72.50,706478.46,86853.34,1384.68,-50310.41
8/3/2014,1000000.00,82626.97,74.70,151734.55,262840.73,0.00,74.70,414575.28,78046.13,-4580.84,-54891.25
8/4/2014,1000000.00,67144.45,75.70,181977.50,0.00,0.00,75.70,181977.50,70552.41,3407.96,-51483.29
8/5/2014,1000000.00,66074.48,75.28,0.00,0.00,0.00,75.28,0.00,63913.08,-2161.40,-53644.69
8/6/2014,1000000.00,79372.93,76.09,162522.15,241761.81,0.00,76.09,404283.96,78579.18,-793.75,-54438.44
8/7/2014,1000000.00,82993.07,74.33,239012.59,336921.37,0.00,74.33,575933.96,83458.34,465.27,-53973.17
8/8/2014,1000000.00,83146.14,75.97,202808.89,349803.88,0.00,75.97,552612.77,83695.80,549.67,-53423.51
8/9/2014,1000000.00,86280.54,75.61,258604.86,409624.75,0.00,75.61,668229.61,87513.73,1233.20,-52190.31
8/10/2014,1000000.00,82976.36,75.30,227706.45,327675.13,0.00,75.30,555381.58,83359.46,383.10,-51807.21
8/11/2014,1000000.00,64838.63,75.74,132767.82,0.00,0.00,75.74,132767.82,68850.13,4011.50,-47795.71
8/12/2014,1000000.00,65649.90,75.88,0.00,0.00,0.00,75.88,0.00,64292.85,-1357.06,-49152.77
8/13/2014,1000000.00,80908.94,75.66,126617.31,340605.23,0.00,75.66,467222.54,80506.57,-402.38,-49555.15
8/14/2014,1000000.00,82976.96,76.00,236951.41,355427.11,0.00,76.00,592378.52,85103.65,2126.69,-47428.46
8/15/2014,1000000.00,80716.79,75.75,186456.49,509276.68,0.00,75.75,695733.17,88560.60,7843.81,-39584.65
8/16/2014,1000000.00,81138.69,74.42,185846.10,368918.38,0.00,74.42,554764.48,82773.57,1634.88,-37949.77
8/17/2014,1000000.00,79413.21,68.90,216604.44,439772.65,0.00,68.90,656377.09,82791.80,3378.60,-34571.18
8/18/2014,1000000.00,66206.36,66.27,103554.69,0.00,0.00,66.27,103554.69,61752.81,-4453.56,-39024.73
8/19/2014,1000000.00,63674.68,67.67,0.00,0.00,0.00,67.67,0.00,59024.31,-4650.37,-43675.10
8/20/2014,1000000.00,78860.32,72.94,179195.91,249502.44,0.00,72.94,428698.35,77411.85,-1448.47,-45123.58
8/21/2014,1000000.00,82392.75,74.23,250476.82,364945.35,0.00,74.23,615422.17,84776.24,2383.49,-42740.08
8/22/2014,1000000.00,81922.22,74.59,153533.37,408859.92,0.00,74.59,562393.29,83150.23,1228.01,-41512.07
8/23/2014,1000000.00,88488.50,73.77,193597.09,393060.75,0.00,73.77,586657.84,83472.63,-5015.87,-46527.95
8/24/2014,0.00,86170.76,73.96,238840.47,447482.73,0.00,73.96,686323.20,87086.62,915.85,-45612.09
8/25/2014,0.00,71799.67,73.28,167317.05,0.00,0.00,73.28,167317.05,68480.13,-3319.55,-48931.64
8/26/2014,0.00,61532.67,71.93,0.00,0.00,0.00,71.93,0.00,61757.53,224.86,-48706.78
8/27/2014,0.00,71129.23,68.53,113706.50,170559.75,0.00,68.53,284266.25,69524.55,-1604.68,-50311.46
8/28/2014,0.00,80884.45,65.13,164152.85,372294.37,0.00,65.13,536447.23,76168.59,-4715.86,-55027.32
8/29/2014,0.00,81007.50,68.65,179669.62,329309.47,0.00,68.65,508979.09,77472.41,-3535.10,-58562.42
8/30/2014,0.00,86199.44,71.05,236887.47,394812.45,0.00,71.05,631699.91,83305.41,-2894.03,-61456.45
8/31/2014,0.00,79476.26,74.76,199257.99,368428.59,0.00,74.76,567686.58,83445.14,3968.88,-57487.56
9/1/2014,0.00,53589.46,76.92,204858.75,0.00,0.00,76.92,204858.75,72134.17,18544.71,-38942.85
9/2/2014,0.00,40370.48,75.66,0.00,0.00,0.00,75.66,0.00,64153.78,23783.29,-15159.56
9/3/2014,0.00,52332.98,74.97,0.00,0.00,0.00,74.97,0.00,63712.50,11379.53,-3780.03
9/4/2014,0.00,73892.91,73.82,139416.25,308867.51,0.00,73.82,448283.76,78661.63,4768.72,988.69
9/5/2014,0.00,81767.74,74.16,159711.78,350549.49,0.00,74.16,510261.26,81048.81,-718.93,269.76
9/6/2014,0.00,82987.72,74.27,246333.18,408808.25,0.00,74.27,655141.42,86190.48,3202.76,3472.52
9/7/2014,0.00,78384.34,75.50,218675.95,413335.46,0.00,75.50,632011.41,86171.21,7786.88,11259.39
9/8/2014,0.00,44157.53,73.27,100213.81,0.00,0.00,73.27,100213.81,66128.84,21971.31,33230.70
9/9/2014,0.00,50983.07,70.44,0.00,0.00,0.00,70.44,0.00,60805.45,9822.38,43053.08
9/10/2014,0.00,70953.69,71.25,96833.14,225944.00,0.00,71.25,322777.15,72618.81,1665.11,44718.20
9/11/2014,0.00,82586.47,73.63,170688.50,369464.99,0.00,73.63,540153.49,81756.73,-829.74,43888.46
9/12/2014,0.00,80659.90,72.55,175728.97,440863.91,0.00,72.55,616592.88,83742.11,3082.21,46970.67
9/13/2014,0.00,80831.64,71.47,198178.11,331709.89,0.00,71.47,529888.00,80009.43,-822.21,46148.45
9/14/2014,0.00,77634.02,70.35,147849.72,372747.89,0.00,70.35,520597.61,78968.04,1334.02,47482.48
9/15/2014,0.00,52608.40,72.27,156274.28,0.00,0.00,72.27,156274.28,67448.13,14839.73,62322.20
9/16/2014,0.00,47676.41,64.96,0.00,0.00,0.00,64.96,0.00,57287.31,9610.90,71933.10
9/17/2014,0.00,75540.90,70.76,156570.47,323707.04,0.00,70.76,480277.50,77821.09,2280.19,74213.30
9/18/2014,0.00,79599.92,73.99,217881.09,314835.51,0.00,73.99,532716.60,81730.41,2130.48,76343.78
9/19/2014,0.00,79453.19,70.47,216419.96,345709.81,0.00,70.47,562129.77,80500.37,1047.18,77390.96
9/20/2014,0.00,81016.08,66.02,223046.72,310557.88,0.00,66.02,533604.60,76642.72,-4373.36,73017.60
9/21/2014,0.00,74443.20,65.13,179395.94,441351.26,0.00,65.13,620747.20,79122.30,4679.10,77696.70
9/22/2014,0.00,43535.56,68.27,99828.49,0.00,0.00,68.27,99828.49,62907.31,19371.75,97068.45
9/23/2014,0.00,38383.15,70.44,0.00,0.00,0.00,70.44,0.00,60804.53,22421.38,119489.83
9/24/2014,0.00,56912.51,67.49,40358.94,85369.85,0.00,67.49,125728.79,63313.90,6401.40,125891.22
9/25/2014,0.00,72677.74,65.66,172607.00,314983.39,0.00,65.66,487590.38,74800.71,2122.97,128014.19
9/26/2014,0.00,81927.51,67.17,188163.46,456231.94,0.00,67.17,644395.40,81261.11,-666.39,127347.79
9/27/2014,0.00,76584.67,68.62,143708.07,375093.62,0.00,68.62,518801.69,77795.96,1211.28,128559.07
9/28/2014,0.00,73299.47,65.41,249024.39,355403.74,0.00,65.41,604428.13,78733.77,5434.30,133993.37
9/29/2014,0.00,46600.09,61.04,107224.78,0.00,0.00,61.04,107224.78,58522.67,11922.58,145915.96
9/30/2014,0.00,51284.87,58.93,120295.25,0.00,0.00,58.93,120295.25,57629.40,6344.53,152260.49
10/1/2014,0.00,73460.94,60.28,132338.56,352418.06,0.00,60.28,484756.61,71252.02,-2208.92,150051.57
10/2/2014,0.00,71257.88,61.41,232370.11,324872.35,0.00,61.41,557242.46,74512.50,3254.62,153306.19
10/3/2014,0.00,78722.73,62.45,193604.20,287998.29,0.00,62.45,481602.49,72531.39,-6191.34,147114.85
10/4/2014,0.00,80085.36,63.99,175268.85,466741.58,0.00,63.99,642010.43,79137.59,-947.77,146167.08
10/5/2014,0.00,73702.47,65.29,195570.45,389969.83,0.00,65.29,585540.28,77990.31,4287.84,150454.92
10/6/2014,0.00,50804.65,66.76,245784.14,0.00,0.00,66.76,245784.14,67042.02,16237.37,166692.30
10/7/2014,0.00,49657.65,68.15,0.00,0.00,0.00,68.15,0.00,59336.22,9678.57,176370.87
10/8/2014,0.00,68307.07,68.78,167853.80,257092.53,0.00,68.78,424946.33,74613.95,6306.88,182677.75
10/9/2014,0.00,68492.82,70.31,161022.60,295132.08,0.00,70.31,456154.68,76686.03,8193.22,190870.97
10/10/2014,0.00,75109.35,61.48,179026.31,329571.16,0.00,61.48,508597.47,72855.99,-2253.36,188617.61
10/11/2014,0.00,69701.47,59.41,325477.55,462603.68,0.00,59.41,788081.23,81307.92,11606.44,200224.05
10/12/2014,0.00,71787.66,58.91,234694.44,346232.39,0.00,58.91,580926.82,73734.43,1946.78,202170.82
10/13/2014,0.00,58349.85,61.22,216572.49,0.00,0.00,61.22,216572.49,62466.54,4116.69,206287.51
10/14/2014,0.00,59746.38,61.36,0.00,0.00,0.00,61.36,0.00,54973.15,-4773.23,201514.28
10/15/2014,0.00,68049.43,63.62,144150.01,414570.97,0.00,63.62,558720.98,75980.72,7931.30,209445.58
10/16/2014,0.00,75614.13,63.02,120455.42,216012.24,0.00,63.02,336467.67,67815.46,-7798.67,201646.91
10/17/2014,0.00,73363.13,63.09,246200.98,447322.90,0.00,63.09,693523.88,80363.16,7000.03,208646.94
10/18/2014,0.00,77469.10,61.56,294740.89,405356.24,0.00,61.56,700097.13,79609.74,2140.64,210787.58
10/19/2014,0.00,75137.41,65.07,274277.09,418341.82,0.00,65.07,692618.91,81601.25,6463.84,217251.42
10/20/2014,0.00,71137.86,65.23,0.00,0.00,0.00,65.23,0.00,57457.12,-13680.74,203570.68
10/21/2014,0.00,65739.62,60.75,383333.71,0.00,0.00,60.75,383333.71,68000.18,2260.56,205831.24
10/22/2014,0.00,70861.21,56.55,129079.39,325425.51,0.00,56.55,454504.91,67798.33,-3062.88,202768.36
10/23/2014,0.00,69338.33,58.81,202719.79,417218.40,0.00,58.81,619938.19,75038.55,5700.22,208468.58
10/24/2014,0.00,73958.44,62.98,268189.84,392376.27,0.00,62.98,660566.11,79134.69,5176.25,213644.83
10/25/2014,0.00,69801.89,51.78,171733.60,466681.28,0.00,55.00,638414.89,73238.71,3436.81,217081.64
10/26/2014,0.00,69301.47,45.79,185603.56,355514.69,0.00,55.00,541118.26,69833.32,531.85,217613.49
10/27/2014,0.00,54158.15,43.96,313638.82,0.00,0.00,55.00,313638.82,61871.54,7713.39,225326.89
10/28/2014,0.00,55752.29,41.78,0.00,0.00,0.00,55.00,0.00,50894.19,-4858.11,220468.78
10/29/2014,0.00,74626.14,49.69,188744.86,434175.47,0.00,55.00,622920.33,72696.40,-1929.74,218539.04
10/30/2014,0.00,72157.59,58.02,219996.01,506063.43,0.00,58.02,726059.43,78245.50,6087.91,224626.94
10/31/2014,0.00,74579.65,58.47,212826.60,498968.04,0.00,58.47,711794.64,78033.92,3454.27,228081.22
11/1/2014,0.00,77618.32,59.03,243719.08,349271.38,0.00,59.03,592990.45,74234.60,-3383.72,224697.49
11/2/2014,0.00,72274.84,62.02,274296.31,404654.96,0.00,62.02,678951.27,79161.75,6886.91,231584.40
11/3/2014,0.00,56155.82,65.81,206658.37,0.00,0.00,65.81,206658.37,65067.18,8911.35,240495.75
11/4/2014,0.00,56177.36,54.25,30073.81,0.00,0.00,55.00,30073.81,51946.77,-4230.59,236265.16
11/5/2014,0.00,67754.92,46.62,144754.79,320694.70,0.00,55.00,465449.50,67184.92,-570.01,235695.15
11/6/2014,0.00,72716.68,45.58,175378.26,501757.89,0.00,55.00,677136.16,74593.95,1877.27,237572.43
11/7/2014,0.00,73927.69,47.28,259118.11,417430.48,0.00,55.00,676548.59,74573.39,645.70,238218.13
11/8/2014,0.00,69042.50,58.46,239914.59,430237.90,0.00,58.46,670152.49,76571.40,7528.90,245747.03
11/9/2014,0.00,70948.55,56.35,252936.79,480213.33,0.00,56.35,733150.13,77418.31,6469.76,252216.79
11/10/2014,0.00,58211.85,42.16,198600.69,0.00,0.00,55.00,198600.69,57845.21,-366.65,251850.15
11/11/2014,0.00,63802.25,45.14,156176.11,0.00,0.00,55.00,156176.11,56360.35,-7441.90,244408.25
11/12/2014,0.00,64367.38,50.52,295600.95,484348.79,0.00,55.00,779949.74,78192.43,13825.04,258233.29
11/13/2014,0.00,67636.66,48.00,175027.70,360225.20,0.00,55.00,535252.90,69628.04,1991.37,260224.67
11/14/2014,0.00,59417.52,44.96,249491.72,432179.65,0.00,55.00,681671.37,74752.68,15335.16,275559.83
11/15/2014,0.00,74502.32,32.02,251369.22,481485.65,0.00,55.00,732854.87,76544.11,2041.78,277601.61
11/16/2014,0.00,71563.76,35.01,193981.47,477234.70,0.00,55.00,671216.17,74386.75,2822.99,280424.60
11/17/2014,0.00,72399.80,47.56,296321.76,0.00,0.00,55.00,296321.76,61265.45,-11134.35,269290.25
11/18/2014,0.00,63185.96,57.46,0.00,0.00,0.00,57.46,0.00,52471.10,-10714.86,258575.39
11/19/2014,0.00,65537.91,64.17,180047.73,400751.40,0.00,64.17,580799.12,77110.64,11572.73,270148.12
11/20/2014,0.00,70933.61,61.75,161502.57,434447.87,0.00,61.75,595950.44,76082.20,5148.59,275296.71
11/21/2014,0.00,70358.63,43.63,279239.51,398526.29,0.00,55.00,677765.80,74615.99,4257.36,279554.07
11/22/2014,0.00,72073.44,42.19,239119.25,446036.20,0.00,55.00,685155.45,74874.63,2801.19,282355.26
11/23/2014,0.00,74557.96,50.59,222865.93,471420.46,0.00,55.00,694286.39,75194.21,636.25,282991.51
11/24/2014,0.00,66926.74,57.29,375351.33,0.00,0.00,57.29,375351.33,65502.93,-1423.81,281567.70
11/25/2014,0.00,62763.06,55.55,0.00,0.00,0.00,55.55,0.00,51244.96,-11518.10,270049.60
11/26/2014,0.00,68993.73,35.25,272856.85,376802.32,0.00,55.00,649659.16,73632.26,4638.52,274688.12
11/27/2014,0.00,70803.69,34.30,187058.41,488242.70,0.00,55.00,675301.11,74529.72,3726.04,278414.16
11/28/2014,0.00,57837.11,47.44,308619.52,457185.74,0.00,55.00,765805.26,77697.37,19860.26,298274.42
11/29/2014,0.00,39229.85,37.82,8014.64,19339.08,0.00,55.00,27353.72,51851.57,12621.71,310896.13
11/30/2014,0.00,63186.31,29.89,67363.68,162546.49,0.00,55.00,229910.17,58941.04,-4245.27,306650.86
12/1/2014,0.00,41865.64,33.95,73728.16,0.00,0.00,55.00,73728.16,53474.67,11609.03,318259.89
12/2/2014,0.00,45182.10,36.57,85311.25,0.00,0.00,55.00,85311.25,53880.08,8697.98,326957.87
12/3/2014,0.00,69716.24,43.52,224445.91,400751.61,0.00,55.00,625197.53,72776.10,3059.85,330017.73
12/4/2014,0.00,75356.75,49.00,215076.26,309499.99,0.00,55.00,524576.26,69254.35,-6102.40,323915.33
12/5/2014,0.00,70115.46,54.31,261471.13,456856.15,0.00,55.00,718327.29,76035.64,5920.18,329835.51
12/6/2014,0.00,78059.59,62.70,308446.17,468496.33,0.00,62.70,776942.51,83028.30,4968.71,334804.23
12/7/2014,0.00,69916.76,66.26,171497.55,246789.16,0.00,66.26,418286.71,72763.36,2846.60,337650.83
12/8/2014,0.00,69903.60,65.24,349750.72,0.00,0.00,65.24,349750.72,69708.02,-195.58,337455.25
12/9/2014,0.00,68648.46,58.20,278223.74,0.00,0.00,58.20,278223.74,62683.05,-5965.40,331489.85
12/10/2014,0.00,68242.30,49.36,97634.50,266673.33,0.00,55.00,364307.83,63644.96,-4597.34,326892.51
12/11/2014,0.00,63047.49,54.54,155899.62,348629.89,0.00,55.00,504529.51,68552.72,5505.23,332397.74
12/12/2014,0.00,72494.87,51.00,160949.93,370237.96,0.00,55.00,531187.89,69485.76,-3009.11,329388.63
12/13/2014,0.00,67181.54,39.31,259833.37,459926.67,0.00,55.00,719760.04,76085.79,8904.24,338292.87
12/14/2014,0.00,73864.77,35.39,253040.10,376412.88,0.00,55.00,629452.98,72925.04,-939.73,337353.14
12/15/2014,0.00,67563.53,35.76,562563.80,0.00,0.00,55.00,562563.80,70583.92,3020.39,340373.52
12/16/2014,0.00,61165.21,54.32,0.00,0.00,0.00,55.00,0.00,50894.19,-10271.02,330102.50
12/17/2014,0.00,63358.59,43.98,164172.65,235274.19,0.00,55.00,399446.84,64874.82,1516.23,331618.74
12/18/2014,0.00,70516.05,36.30,164633.15,473479.83,0.00,55.00,638112.98,73228.14,2712.09,334330.83
12/19/2014,0.00,65391.83,39.57,199458.71,419978.27,0.00,55.00,619436.98,72574.48,7182.65,341513.47
12/20/2014,0.00,72100.78,38.21,177836.34,395829.28,0.00,55.00,573665.62,70972.48,-1128.30,340385.18
12/21/2014,0.00,75623.95,37.59,163825.29,471156.45,0.00,55.00,634981.74,73118.55,-2505.41,337879.77
12/22/2014,0.00,67150.63,47.81,473455.50,0.00,0.00,55.00,473455.50,67465.13,314.50,338194.27
12/23/2014,0.00,68890.47,62.73,28072.68,0.00,0.00,62.73,28072.68,56837.02,-12053.45,326140.82
12/24/2014,0.00,64322.58,67.22,179610.87,311129.21,0.00,67.22,490740.08,75910.95,11588.37,337729.19
12/25/2014,0.00,57960.47,55.99,248454.71,357532.39,0.00,55.99,605987.10,72741.61,14781.14,352510.34
12/26/2014,0.00,41870.57,35.26,0.00,0.00,0.00,55.00,0.00,50894.19,9023.61,361533.95
12/27/2014,0.00,57388.90,32.85,77281.09,117873.17,0.00,55.00,195154.26,57724.58,335.68,361869.63
12/28/2014,0.00,65508.41,39.66,138867.87,367949.17,0.00,55.00,506817.04,68632.78,3124.37,364994.01
12/29/2014,0.00,64759.02,38.16,722975.43,0.00,0.00,55.00,722975.43,76198.33,11439.30,376433.31
12/30/2014,0.00,51588.62,39.03,93614.73,0.00,0.00,55.00,93614.73,54170.70,2582.08,379015.39
12/31/2014,0.00,64703.35,47.94,156634.11,258840.98,0.00,55.00,415475.09,65435.81,732.46,379747.85
1/1/2015,0.00,56662.77,45.06,216999.37,506331.86,0.00,55.00,723331.22,76210.78,19548.01,399295.86
1/2/2015,0.00,43486.25,43.14,0.00,0.00,0.00,55.00,0.00,50894.19,7407.94,406703.79
1/3/2015,0.00,66800.57,41.26,138053.72,325213.80,0.00,55.00,463267.52,67108.55,307.98,407011.77
1/4/2015,0.00,64417.38,46.93,230120.18,320406.57,0.00,55.00,550526.75,70162.62,5745.24,412757.01
1/5/2015,0.00,59991.55,26.48,521430.99,0.00,0.00,55.00,521430.99,69144.27,9152.72,421909.73
1/6/2015,0.00,55037.04,31.90,308877.74,0.00,0.00,55.00,308877.74,61704.91,6667.87,428577.60
1/7/2015,0.00,64662.78,43.20,160660.88,268913.66,0.00,55.00,429574.54,65929.29,1266.52,429844.11
1/8/2015,0.00,66821.69,34.17,167885.05,405101.47,0.00,55.00,572986.52,70948.71,4127.02,433971.13
1/9/2015,0.00,71385.38,16.02,189783.44,385317.89,0.00,55.00,575101.32,71022.73,-362.64,433608.49
1/10/2015,0.00,72598.93,23.61,151838.18,375377.71,0.00,55.00,527215.89,69346.74,-3252.19,430356.30
1/11/2015,0.00,73597.35,37.48,165324.19,423018.12,0.00,55.00,588342.31,71486.17,-2111.18,428245.12
1/12/2015,0.00,56994.06,47.02,348860.51,0.00,0.00,55.00,348860.51,63104.30,6110.25,434355.37
1/13/2015,0.00,41023.58,58.04,105515.96,0.00,0.00,58.04,105515.96,56540.22,15516.65,449872.02
1/14/2015,0.00,68865.17,42.91,138787.52,255495.21,0.00,55.00,394282.73,64694.08,-4171.09,445700.92
1/15/2015,0.00,74051.00,44.18,242422.83,360619.04,0.00,55.00,603041.88,72000.65,-2050.35,443650.57
1/16/2015,0.00,68363.54,49.20,218422.04,354864.16,0.00,55.00,573286.21,70959.20,2595.66,446246.23
1/17/2015,0.00,71536.27,38.22,195088.46,389008.73,0.00,55.00,584097.19,71337.59,-198.68,446047.55
1/18/2015,0.00,67695.50,29.68,149816.94,365017.91,0.00,55.00,514834.86,68913.40,1217.91,447265.46
1/19/2015,0.00,57605.06,37.18,318427.95,0.00,0.00,55.00,318427.95,62039.16,4434.10,451699.56
1/20/2015,0.00,36854.02,30.18,104501.00,0.00,0.00,55.00,104501.00,54551.72,17697.70,469397.26
1/21/2015,0.00,40174.42,38.42,0.00,0.00,0.00,55.00,0.00,50894.19,10719.76,480117.02
1/22/2015,0.00,66403.05,39.25,140913.15,307854.84,0.00,55.00,448767.99,66601.06,198.02,480315.04
1/23/2015,0.00,68601.54,39.42,202696.47,315708.83,0.00,55.00,518405.30,69038.37,436.83,480751.87
1/24/2015,0.00,57233.65,25.07,183235.97,427550.60,0.00,55.00,610786.57,72271.72,15038.07,495789.94
1/25/2015,0.00,66978.31,27.85,223947.57,351753.13,0.00,55.00,575700.70,71043.71,4065.40,499855.33
1/26/2015,0.00,50081.24,21.58,243656.05,0.00,0.00,55.00,243656.05,59422.15,9340.91,509196.24
1/27/2015,0.00,48972.10,29.51,84568.67,0.00,0.00,55.00,84568.67,53854.09,4881.99,514078.23
1/28/2015,0.00,62189.64,35.68,180593.76,298434.79,0.00,55.00,479028.55,67660.18,5470.55,519548.78
1/29/2015,0.00,62670.53,47.18,164916.04,360294.29,0.00,55.00,525210.33,69276.55,6606.02,526154.80
1/30/2015,0.00,57220.29,31.02,76299.92,108445.65,0.00,55.00,184745.57,57360.28,139.99,526294.79
1/31/2015,0.00,63227.91,24.10,130091.44,357142.42,0.00,55.00,487233.85,67947.37,4719.46,531014.25
2/1/2015,0.00,72316.94,24.27,240938.87,342448.22,0.00,55.00,583387.09,71312.73,-1004.20,530010.04
2/2/2015,0.00,56356.39,29.80,482159.79,0.00,0.00,55.00,482159.79,67769.78,11413.38,541423.43
2/3/2015,0.00,39281.13,40.21,97588.20,0.00,0.00,55.00,97588.20,54309.77,15028.65,556452.07
2/4/2015,0.00,49591.35,54.23,38768.76,69222.22,0.00,55.00,107990.99,54673.87,5082.52,561534.59
2/5/2015,0.00,72079.54,61.89,150616.08,358222.03,0.00,61.89,508838.10,73126.52,1046.98,562581.57
2/6/2015,0.00,73756.92,48.00,162236.30,393367.46,0.00,55.00,555603.76,70340.32,-3416.60,559164.96
2/7/2015,0.00,69628.93,51.09,178985.49,423659.26,0.00,55.00,602644.75,71986.75,2357.82,561522.78
2/8/2015,0.00,67040.96,34.52,161481.75,356087.96,0.00,55.00,517569.71,69009.12,1968.16,563490.95
2/9/2015,0.00,65245.83,38.46,591821.22,0.00,0.00,55.00,591821.22,71607.93,6362.09,569853.04
2/10/2015,0.00,53104.06,43.00,0.00,0.00,0.00,55.00,0.00,50894.19,-2209.88,567643.16
2/11/2015,0.00,65906.82,44.62,145193.95,301556.66,0.00,55.00,446750.61,66530.46,623.64,568266.80
2/12/2015,0.00,68853.34,46.69,219880.65,301163.55,0.00,55.00,521044.20,69130.73,277.39,568544.19
2/13/2015,0.00,70207.76,41.15,160885.28,446228.98,0.00,55.00,607114.26,72143.18,1935.43,570479.62
2/14/2015,0.00,70686.47,33.04,139360.60,294784.58,0.00,55.00,434145.18,66089.27,-4597.20,565882.42
2/15/2015,0.00,60836.49,34.76,114518.11,297417.54,0.00,55.00,411935.65,65311.93,4475.44,570357.85
2/16/2015,0.00,28581.77,39.29,41050.88,0.00,0.00,55.00,41050.88,52330.97,23749.20,594107.05
2/17/2015,0.00,36958.19,40.66,0.00,0.00,0.00,55.00,0.00,50894.19,13935.99,608043.05
2/18/2015,0.00,71413.45,39.19,125997.03,305499.66,0.00,55.00,431496.69,65996.57,-5416.88,602626.16
2/19/2015,0.00,71255.49,46.23,221134.78,313007.20,0.00,55.00,534141.98,69589.15,-1666.34,600959.83
2/20/2015,0.00,75311.93,57.03,202133.63,332611.42,0.00,57.03,534745.05,70915.06,-4396.87,596562.96
2/21/2015,0.00,77046.15,59.25,230753.92,363972.67,0.00,59.25,594726.59,74434.57,-2611.58,593951.37
2/22/2015,0.00,68865.10,60.78,155429.08,359236.74,0.00,60.78,514665.82,72618.56,3753.46,597704.84
2/23/2015,0.00,43537.22,53.64,268308.13,0.00,0.00,55.00,268308.13,60284.97,16747.75,614452.59
2/24/2015,0.00,44888.88,42.44,0.00,0.00,0.00,55.00,0.00,50894.19,6005.30,620457.89
2/25/2015,0.00,72042.87,49.94,132457.24,359948.85,0.00,55.00,492406.09,68128.40,-3914.47,616543.42
2/26/2015,0.00,72641.78,52.17,246489.01,337608.18,0.00,55.00,584097.19,71337.59,-1304.19,615239.22
2/27/2015,0.00,70269.17,47.40,156474.60,244742.33,0.00,55.00,401216.93,64936.78,-5332.39,609906.83
2/28/2015,0.00,69668.74,43.18,198675.52,459190.43,0.00,55.00,657865.95,73919.49,4250.75,614157.58
3/1/2015,0.00,71622.69,32.24,167009.46,391550.60,0.00,55.00,558560.06,70443.79,-1178.91,612978.67
3/2/2015,0.00,42604.86,35.06,111497.95,0.00,0.00,55.00,111497.95,54796.61,12191.75,625170.42
3/3/2015,0.00,42073.08,46.54,0.00,0.00,0.00,55.00,0.00,50894.19,8821.11,633991.53
3/4/2015,0.00,63752.61,49.43,104635.97,293219.42,0.00,55.00,397855.39,64819.12,1066.52,635058.05
3/5/2015,0.00,70976.01,53.02,209426.33,330332.25,0.00,55.00,539758.58,69785.74,-1190.27,633867.78
3/6/2015,0.00,72418.34,36.46,200578.00,344470.92,0.00,55.00,545048.92,69970.90,-2447.44,631420.34
3/7/2015,0.00,73738.83,40.92,214496.43,347012.55,0.00,55.00,561508.98,70547.00,-3191.83,628228.50
3/8/2015,0.00,68278.18,38.24,205566.43,338260.11,0.00,55.00,543826.54,69928.11,1649.94,629878.44
3/9/2015,0.00,36076.77,42.11,118350.96,0.00,0.00,55.00,118350.96,55036.47,18959.70,648838.15
3/10/2015,0.00,46616.47,47.13,0.00,0.00,0.00,55.00,0.00,50894.19,4277.72,653115.86
3/11/2015,0.00,68994.57,51.41,154554.73,289568.06,0.00,55.00,444122.79,66438.48,-2556.08,650559.78
3/12/2015,0.00,77460.41,50.62,180799.82,410049.26,0.00,55.00,590849.07,71573.90,-5886.51,644673.27
3/13/2015,0.00,76305.87,56.13,160383.88,429262.74,0.00,56.13,589646.62,72256.53,-4049.34,640623.92
3/14/2015,0.00,74468.88,57.67,209333.69,453114.70,0.00,57.67,662448.40,75796.25,1327.37,641951.30
3/15/2015,0.00,76960.86,36.68,264697.77,362548.13,0.00,55.00,627245.90,72847.79,-4113.07,637838.22
3/16/2015,0.00,60841.46,39.71,346051.84,0.00,0.00,55.00,346051.84,63006.00,2164.54,640002.76
3/17/2015,0.00,48626.84,51.17,37958.76,0.00,0.00,55.00,37958.76,52222.74,3595.90,643598.67
3/18/2015,0.00,69101.19,56.16,168056.35,255259.39,0.00,56.16,423315.75,66454.46,-2646.73,640951.94
3/19/2015,0.00,70959.09,54.17,144120.76,289977.92,0.00,55.00,434098.68,66087.64,-4871.45,636080.48
3/20/2015,0.00,72987.02,43.35,196591.84,301109.02,0.00,55.00,497700.86,68313.72,-4673.31,631407.17
3/21/2015,0.00,72103.51,48.46,140241.86,345024.08,0.00,55.00,485265.94,67878.49,-4225.02,627182.16
3/22/2015,0.00,63370.96,49.86,127695.67,277687.40,0.00,55.00,405383.07,65082.59,1711.64,628893.79
3/23/2015,0.00,34657.11,44.99,93295.11,0.00,0.00,55.00,93295.11,54159.51,19502.41,648396.20
3/24/2015,0.00,42799.97,53.04,0.00,0.00,0.00,55.00,0.00,50894.19,8094.21,656490.42
3/25/2015,0.00,65701.13,54.05,120846.21,301693.00,0.00,55.00,422539.21,65683.06,-18.07,656472.34
3/26/2015,0.00,67414.99,45.74,143849.81,311371.11,0.00,55.00,455220.92,66826.92,-588.07,655884.27
3/27/2015,0.00,77103.98,42.96,222748.66,316594.34,0.00,55.00,539343.00,69771.19,-7332.79,648551.48
3/28/2015,0.00,83533.74,33.61,181810.36,414289.19,0.00,55.00,596099.55,71757.67,-11776.08,636775.41
3/29/2015,0.00,67748.67,42.09,234698.41,326781.04,0.00,55.00,561479.46,70545.97,2797.30,639572.71
3/30/2015,0.00,44962.79,55.19,121719.15,0.00,0.00,55.19,121719.15,55278.33,10315.54,649888.25
3/31/2015,0.00,46827.43,59.80,0.00,0.00,0.00,59.80,0.00,53972.51,7145.08,657033.32
4/1/2015,0.00,67049.91,45.11,154306.30,279138.37,0.00,55.00,433444.68,66064.75,-985.16,656048.16
4/2/2015,0.00,73028.81,46.24,140109.56,276883.17,0.00,55.00,416992.73,65488.93,-7539.88,648508.28
4/3/2015,0.00,73647.10,51.96,164150.07,314421.56,0.00,55.00,478571.63,67644.19,-6002.91,642505.37
4/4/2015,0.00,79766.73,54.98,161137.50,414353.57,0.00,55.00,575491.07,71036.37,-8730.36,633775.01
4/5/2015,0.00,75212.27,59.13,191761.16,449580.50,0.00,59.13,641341.66,75993.04,780.77,634555.78
4/6/2015,0.00,37656.00,61.89,139319.66,0.00,0.00,61.89,139319.66,60194.76,22538.76,657094.54
4/7/2015,0.00,44062.52,59.60,0.00,0.00,0.00,59.60,0.00,53845.06,9782.54,666877.08
4/8/2015,0.00,72070.48,53.69,130376.85,350718.53,0.00,55.00,481095.38,67732.52,-4337.96,662539.12
4/9/2015,0.00,76665.71,61.50,136784.92,371709.21,0.00,61.50,508494.13,72864.54,-3801.18,658737.95
4/10/2015,0.00,77484.04,53.64,197415.11,298602.76,0.00,55.00,496017.87,68254.81,-9229.23,649508.72
4/11/2015,0.00,77282.90,50.05,172394.70,470869.11,0.00,55.00,643263.81,73408.42,-3874.48,645634.24
4/12/2015,0.00,73949.42,50.03,194464.54,295370.57,0.00,55.00,489835.10,68038.41,-5911.00,639723.24
4/13/2015,0.00,42776.61,55.15,169947.82,0.00,0.00,55.15,169947.82,56937.30,14160.69,653883.93
4/14/2015,0.00,46044.49,58.58,11190.39,0.00,0.00,58.58,11190.39,53585.18,7540.69,661424.62
4/15/2015,0.00,68628.62,61.76,128108.07,264861.48,0.00,61.76,392969.55,68985.69,357.07,661781.69
4/16/2015,0.00,76334.96,64.68,180604.46,365028.34,0.00,64.68,545632.80,76204.01,-130.95,661650.74
4/17/2015,0.00,70358.06,55.88,169978.74,303499.64,0.00,55.88,473478.38,68032.53,-2325.53,659325.21
4/18/2015,0.00,75186.02,40.93,147115.91,410141.32,0.00,55.00,557257.22,70398.19,-4787.84,654537.38
4/19/2015,0.00,70080.74,47.47,214666.00,373460.03,0.00,55.00,588126.03,71478.60,1397.86,655935.24
4/20/2015,0.00,41089.86,51.50,141055.05,0.00,0.00,55.00,141055.05,55831.11,14741.25,670676.48
4/21/2015,0.00,33515.68,52.83,0.00,0.00,0.00,55.00,0.00,50894.19,17378.50,688054.99
4/22/2015,0.00,49966.37,53.57,43693.96,104924.95,0.00,55.00,148618.90,56095.85,6129.47,694184.46
4/23/2015,0.00,68614.62,54.64,123826.10,269272.63,0.00,55.00,393098.73,64652.64,-3961.98,690222.48
4/24/2015,0.00,76274.74,59.96,198705.39,275531.81,0.00,59.96,474237.20,70676.66,-5598.07,684624.41
4/25/2015,0.00,81471.76,60.21,185526.69,422757.54,0.00,60.21,608284.24,75528.46,-5943.30,678681.11
4/26/2015,0.00,73621.20,57.28,166328.06,401344.50,0.00,57.28,567672.56,72223.11,-1398.09,677283.02
4/27/2015,0.00,55599.73,63.45,243374.08,0.00,0.00,63.45,243374.08,64834.21,9234.48,686517.50
4/28/2015,0.00,57652.01,59.99,188183.88,0.00,0.00,59.99,188183.88,60682.86,3030.86,689548.36
4/29/2015,0.00,66255.93,64.83,81330.76,231479.85,0.00,64.83,312810.61,68154.55,1898.61,691446.97
4/30/2015,0.00,81466.49,67.42,187950.40,408717.53,0.00,67.42,596667.93,79746.39,-1720.10,689726.87
5/1/2015,0.00,79308.14,67.05,198458.13,517997.20,0.00,67.05,716455.33,83704.71,4396.57,694123.44
5/2/2015,0.00,78018.78,65.52,160309.38,396320.41,0.00,65.52,556629.79,77126.89,-891.89,693231.55
5/3/2015,0.00,77750.56,59.30,250578.44,357621.65,0.00,59.30,608200.09,74938.77,-2811.79,690419.76
5/4/2015,0.00,52149.98,55.20,108467.83,0.00,0.00,55.20,108467.83,54821.81,2671.83,693091.59
5/5/2015,0.00,52540.01,55.36,0.00,0.00,0.00,55.36,0.00,51124.67,-1415.34,691676.26
5/6/2015,0.00,73813.92,58.74,167707.59,271317.52,0.00,58.74,439025.11,68658.01,-5155.91,686520.35
5/7/2015,0.00,80560.45,62.76,201714.93,395074.80,0.00,62.76,596789.72,76760.09,-3800.35,682719.99
5/8/2015,0.00,76537.84,63.15,147765.47,407743.81,0.00,63.15,555509.28,75566.06,-971.78,681748.22
5/9/2015,0.00,78507.94,63.19,197843.05,398069.75,0.00,63.19,595912.80,77004.87,-1503.07,680245.15
5/10/2015,0.00,79174.77,65.64,175161.42,362143.54,0.00,65.64,537304.96,76531.74,-2643.02,677602.12
5/11/2015,0.00,50290.42,67.86,143080.54,0.00,0.00,67.86,143080.54,64154.38,13863.96,691466.09
5/12/2015,0.00,50680.34,68.45,69119.87,0.00,0.00,68.45,69119.87,61943.67,11263.33,702729.42
5/13/2015,0.00,70247.33,70.48,93287.79,266896.72,0.00,70.48,360184.51,73438.00,3190.68,705920.10
5/14/2015,0.00,80816.20,70.29,157390.44,396801.24,0.00,70.29,554191.68,80103.77,-712.42,705207.68
5/15/2015,0.00,80215.66,68.75,169622.01,429749.04,0.00,68.75,599371.04,80695.74,480.08,705687.76
5/16/2015,0.00,73424.46,69.08,182598.27,440604.03,0.00,69.08,623202.30,81741.45,8317.00,714004.76
5/17/2015,0.00,78656.18,63.88,230494.71,330319.67,0.00,63.88,560814.38,76224.35,-2431.83,711572.93
5/18/2015,0.00,51778.64,52.89,152289.00,0.00,0.00,55.00,152289.00,56224.30,4445.66,716018.58
5/19/2015,0.00,52998.30,54.62,57702.86,0.00,0.00,55.00,57702.86,52913.79,-84.51,715934.07
5/20/2015,0.00,76115.58,60.71,149145.06,403244.05,0.00,60.71,552389.11,73892.13,-2223.45,713710.62
5/21/2015,0.00,73354.52,61.83,143701.81,367692.52,0.00,61.83,511394.33,73179.28,-175.24,713535.38
5/22/2015,0.00,82988.08,64.96,243525.52,354817.28,0.00,64.96,598342.80,78226.72,-4761.36,708774.02
5/23/2015,0.00,82937.08,66.73,228176.01,340841.46,0.00,66.73,569017.47,78339.30,-4597.78,704176.24
5/24/2015,0.00,84198.18,67.62,188644.88,433945.49,0.00,67.62,622590.37,80786.00,-3412.18,700764.06
5/25/2015,0.00,68050.83,70.08,303702.55,0.00,0.00,70.08,303702.55,71201.29,3150.46,703914.52
5/26/2015,0.00,51040.18,70.44,178135.41,0.00,0.00,70.44,178135.41,67038.02,15997.84,719912.37
5/27/2015,0.00,46474.19,70.03,0.00,0.00,0.00,70.03,0.00,60544.19,14070.00,733982.37
5/28/2015,0.00,72695.63,69.41,120783.22,291446.21,0.00,69.41,412229.43,74573.08,1877.45,735859.82
5/29/2015,0.00,80773.28,70.89,203067.32,356346.79,0.00,70.89,559414.11,80671.12,-102.16,735757.66
5/30/2015,0.00,83180.84,71.04,183022.50,401713.93,0.00,71.04,584736.43,81656.80,-1524.04,734233.62
5/31/2015,0.00,78764.03,71.27,245825.45,346525.03,0.00,71.27,592350.47,82068.00,3303.97,737537.59
6/1/2015,0.00,71693.57,71.13,389949.77,0.00,0.00,71.13,389949.77,74898.47,3204.90,740742.49
6/2/2015,0.00,60432.96,71.05,115041.08,0.00,0.00,71.05,115041.08,65219.41,4786.44,745528.93
6/3/2015,0.00,69107.08,69.54,101949.97,262157.08,0.00,69.54,364107.05,72972.29,3865.21,749394.14
6/4/2015,0.00,81709.42,65.52,176607.91,291848.08,0.00,65.52,468455.99,74041.78,-7667.63,741726.51
6/5/2015,0.00,80409.40,69.07,176693.94,386025.61,0.00,69.07,562719.55,79622.50,-786.90,740939.61
6/6/2015,0.00,84372.28,71.31,184588.01,329584.72,0.00,71.31,514172.73,79357.14,-5015.14,735924.47
6/7/2015,0.00,78675.41,72.97,241491.63,450461.46,0.00,72.97,691953.09,86644.98,7969.58,743894.04
6/8/2015,0.00,61375.52,71.46,163532.54,0.00,0.00,71.46,163532.54,67182.83,5807.31,749701.35
6/9/2015,0.00,58224.90,71.03,168919.58,0.00,0.00,71.03,168919.58,67093.68,8868.78,758570.13
6/10/2015,0.00,71168.45,71.87,102167.57,219114.09,1.00,71.87,321281.65,74679.48,3511.03,762081.16
6/11/2015,0.00,86104.38,73.49,235180.86,405638.93,1.00,73.49,640819.79,86903.69,799.30,762880.47
6/12/2015,0.00,85047.22,73.38,197394.17,510111.80,1.00,73.38,707505.97,89169.35,4122.13,767002.60
6/13/2015,0.00,83902.27,71.08,177804.14,379575.61,1.00,71.08,557379.76,82441.38,-1460.89,765541.71
6/14/2015,0.00,88818.86,70.56,161170.01,402361.51,1.00,70.56,563531.52,82321.75,-6497.11,759044.60
6/15/2015,0.00,71283.48,70.38,445187.21,0.00,1.00,70.38,445187.21,78064.51,6781.03,765825.62
6/16/2015,0.00,63390.84,71.38,164894.43,0.00,1.00,71.38,164894.43,68891.52,5500.68,771326.31
6/17/2015,0.00,84915.86,73.55,111877.04,310300.47,1.00,73.55,422177.51,79288.42,-5627.44,765698.87
6/18/2015,0.00,90788.81,74.22,217301.79,331440.10,1.00,74.22,548741.90,84152.00,-6636.81,759062.06
6/19/2015,0.00,92907.45,73.71,135860.33,365469.29,1.00,73.71,501329.62,82163.76,-10743.69,748318.38
6/20/2015,0.00,86723.12,72.52,134178.06,330105.89,1.00,72.52,464283.95,80103.50,-6619.62,741698.76
6/21/2015,0.00,87542.09,73.15,141157.39,345592.23,1.00,73.15,486749.63,81295.40,-6246.69,735452.06
6/22/2015,0.00,59534.77,73.47,173064.30,0.00,1.00,73.47,173064.30,70521.17,10986.40,746438.46
6/23/2015,0.00,53150.21,73.19,146392.64,0.00,1.00,73.19,146392.64,69409.59,16259.38,762697.84
6/24/2015,0.00,80626.51,72.44,152911.53,246335.28,1.00,72.44,399246.80,77774.80,-2851.71,759846.13
6/25/2015,0.00,80608.08,72.30,179385.94,346672.53,1.00,72.30,526058.47,82125.55,1517.47,761363.60
6/26/2015,0.00,86844.82,72.56,153419.21,375612.54,1.00,72.56,529031.75,82398.85,-4445.97,756917.64
6/27/2015,0.00,86200.48,71.83,139574.17,381224.96,1.00,71.83,520799.13,81639.69,-4560.79,752356.85
6/28/2015,0.00,86773.48,72.52,190425.71,291664.70,1.00,72.52,482090.41,80725.01,-6048.47,746308.38
6/29/2015,0.00,76804.28,72.79,451522.03,0.00,1.00,72.79,451522.03,79832.03,3027.75,749336.13
6/30/2015,0.00,59894.66,73.17,187674.56,0.00,1.00,73.17,187674.56,70836.98,10942.33,760278.45
7/1/2015,0.00,79251.26,74.08,88838.96,225079.62,1.00,74.08,313918.58,75844.55,-3406.70,756871.75
7/2/2015,0.00,89386.14,75.48,195461.57,381121.23,1.00,75.48,576582.80,85933.52,-3452.62,753419.13
7/3/2015,0.00,87286.65,74.36,252512.34,347279.45,1.00,74.36,599791.79,86028.54,-1258.11,752161.02
7/4/2015,0.00,76821.80,75.43,199513.00,308153.66,1.00,75.43,507666.66,83488.01,6666.21,758827.23
7/5/2015,0.00,57299.52,73.82,39119.53,70152.89,1.00,73.82,109272.42,68512.53,11213.01,770040.24
7/6/2015,0.00,65353.95,68.12,321518.60,0.00,1.00,68.12,321518.60,72284.70,6930.75,776971.00
7/7/2015,0.00,65506.29,69.73,115312.72,0.00,1.00,69.73,115312.72,66101.17,594.88,777565.88
7/8/2015,0.00,80746.46,72.09,158953.13,249666.74,1.00,72.09,408619.87,77880.26,-2866.20,774699.68
7/9/2015,0.00,89976.78,72.61,194301.14,354572.14,1.00,72.61,548873.29,83121.61,-6855.17,767844.51
7/10/2015,0.00,85860.46,70.90,187586.49,423444.41,1.00,70.90,611030.90,84201.93,-1658.53,766185.98
7/11/2015,0.00,91272.93,73.95,200476.84,418278.83,1.00,73.95,618755.67,86429.52,-4843.41,761342.57
7/12/2015,0.00,84732.54,74.74,197539.41,390375.50,1.00,74.74,587914.92,85857.34,1124.80,762467.37
7/13/2015,0.00,75649.21,73.63,303165.91,0.00,0.00,73.63,303165.91,73464.98,-2184.22,760283.15
7/14/2015,0.00,69549.18,74.63,57587.71,0.00,0.00,74.63,57587.71,65506.16,-4043.01,756240.13
7/15/2015,0.00,77372.55,73.58,140137.41,251307.86,0.00,73.58,391445.27,76517.55,-855.00,755385.13
7/16/2015,0.00,84987.65,74.33,136584.63,351217.61,0.00,74.33,487802.23,80371.41,-4616.24,750768.89
7/17/2015,0.00,79426.12,74.09,191733.86,375526.07,0.00,74.09,567259.93,83003.14,3577.03,754345.92
7/18/2015,0.00,84202.50,69.22,150226.22,367795.24,0.00,69.22,518021.46,78151.53,-6050.97,748294.94
7/19/2015,0.00,85487.12,66.07,251587.91,461125.72,0.00,66.07,712713.64,82945.31,-2541.81,745753.13
7/20/2015,0.00,67041.11,71.41,210763.23,0.00,0.00,71.41,210763.23,68805.70,1764.59,747517.72
7/21/2015,0.00,51388.08,73.93,0.00,0.00,0.00,73.93,0.00,63044.32,11656.25,759173.97
7/22/2015,0.00,73267.61,74.46,152699.08,256681.83,0.00,74.46,409380.90,77710.69,4443.08,763617.05
7/23/2015,0.00,80119.71,74.24,182997.22,294802.31,0.00,74.24,477799.53,79966.37,-153.34,763463.71
7/24/2015,0.00,84553.89,73.15,227067.30,321404.43,0.00,73.15,548471.73,81739.40,-2814.49,760649.22
7/25/2015,0.00,81237.40,74.63,225068.18,368779.26,0.00,74.63,593847.45,84279.03,3041.63,763690.85
7/26/2015,0.00,85326.41,74.26,311516.30,475141.03,0.00,74.26,786657.33,90789.33,5462.93,769153.77
7/27/2015,0.00,70689.20,74.48,354618.10,0.00,0.00,74.48,354618.10,75809.22,5120.02,774273.79
7/28/2015,0.00,67652.46,73.95,0.00,0.00,0.00,73.95,0.00,63057.13,-4595.33,769678.47
7/29/2015,0.00,72858.62,74.69,115020.47,244418.50,0.00,74.69,359438.97,76110.77,3252.15,772930.61
7/30/2015,0.00,79756.91,76.00,173439.84,400864.28,0.00,76.00,574304.12,84471.26,4714.35,777644.96
7/31/2015,0.00,79902.95,67.25,227496.16,335613.14,0.00,67.25,563109.30,78466.08,-1436.87,776208.10
8/1/2015,0.00,82381.48,66.59,263850.59,365864.43,0.00,66.59,629715.02,80370.33,-2011.15,774196.95
8/2/2015,0.00,78950.42,71.71,188725.89,364722.47,0.00,71.71,553448.36,80990.76,2040.34,776237.28
8/3/2015,0.00,66183.92,71.81,261565.85,0.00,0.00,71.81,261565.85,70837.17,4653.26,780890.54
8/4/2015,0.00,58633.54,70.35,56126.91,0.00,0.00,70.35,56126.91,62709.59,4076.05,784966.59
8/5/2015,0.00,75118.33,71.85,178942.74,279884.79,0.00,71.85,458827.53,77771.05,2652.72,787619.31
8/6/2015,0.00,81973.28,72.76,236067.99,360063.30,0.00,72.76,596131.29,83155.26,1181.98,788801.29
8/7/2015,0.00,80506.60,71.64,221882.37,446438.03,0.00,71.64,668320.40,84966.86,4460.26,793261.55
8/8/2015,0.00,87196.39,72.83,214614.85,464546.06,0.00,72.83,679160.91,86111.09,-1085.30,792176.24
8/9/2015,0.00,83841.37,74.31,267038.26,374880.64,0.00,74.31,641918.90,85757.55,1916.18,794092.43
8/10/2015,0.00,73048.04,74.77,237419.40,0.00,0.00,74.77,237419.40,71891.47,-1156.57,792935.86
8/11/2015,0.00,62411.33,74.80,59862.70,0.00,0.00,74.80,59862.70,65700.18,3288.85,796224.70
8/12/2015,0.00,71943.29,74.47,141928.21,200067.48,0.00,74.47,341995.69,75358.21,3414.93,799639.63
8/13/2015,0.00,78483.29,75.29,162287.15,328006.35,0.00,75.29,490293.50,81076.33,2593.03,802232.66
8/14/2015,0.00,74894.55,75.26,230489.57,505898.83,0.00,75.26,736388.40,89669.25,14774.70,817007.36
8/15/2015,0.00,82496.95,71.32,202219.78,399624.81,0.00,71.32,601844.59,82430.65,-66.30,816941.06
8/16/2015,0.00,81241.27,67.78,250894.76,384281.85,0.00,67.78,635176.61,81331.27,90.00,817031.06
8/17/2015,0.00,65270.18,68.62,231990.29,0.00,0.00,68.62,231990.29,67754.15,2483.97,819515.04
8/18/2015,0.00,62610.84,69.44,156644.10,0.00,0.00,69.44,156644.10,65646.36,3035.52,822550.56
8/19/2015,0.00,73349.30,71.86,76954.70,168906.95,0.00,71.86,245861.65,70320.32,-3028.98,819521.58
8/20/2015,0.00,83810.12,73.75,195463.93,536610.71,0.00,73.75,732074.64,88553.86,4743.74,824265.32
8/21/2015,0.00,86366.92,72.95,170365.19,425317.30,0.00,72.95,595682.49,83262.66,-3104.26,821161.06
8/22/2015,0.00,85639.87,73.43,231517.36,527555.95,0.00,73.43,759073.31,89289.01,3649.13,824810.19
8/23/2015,0.00,84491.85,73.81,179015.54,276494.73,0.00,73.81,455510.27,78912.94,-5578.91,819231.28
8/24/2015,0.00,74154.04,75.09,479580.69,0.00,0.00,75.09,479580.69,80572.30,6418.26,825649.54
8/25/2015,0.00,60681.24,75.36,30606.02,0.00,0.00,75.36,30606.02,65036.00,4354.76,830004.30
8/26/2015,0.00,80580.55,75.13,255859.61,466907.66,0.00,75.13,722767.27,89114.41,8533.87,838538.16
8/27/2015,0.00,79857.14,66.80,213796.03,306388.96,0.00,66.80,520184.99,76677.67,-3179.47,835358.69
8/28/2015,0.00,81894.71,67.42,202299.61,385780.65,0.00,67.42,588080.26,79451.95,-2442.75,832915.93
8/29/2015,0.00,80817.48,66.53,177009.16,357761.72,0.00,66.53,534770.88,77013.67,-3803.82,829112.11
8/30/2015,0.00,71263.76,66.56,77262.41,214293.84,0.00,66.56,291556.25,68517.60,-2746.16,826365.96
8/31/2015,0.00,50446.85,68.98,86616.30,0.00,0.00,68.98,86616.30,62899.39,12452.54,838818.50
9/1/2015,0.00,42665.88,74.44,117200.18,0.00,0.00,74.44,117200.18,67472.65,24806.77,863625.27
9/2/2015,0.00,50192.77,75.91,0.00,0.00,0.00,75.91,0.00,64315.06,14122.29,877747.56
9/3/2015,0.00,74076.87,75.70,146261.15,325549.01,0.00,75.70,471810.16,80691.07,6614.20,884361.76
9/4/2015,0.00,81311.95,74.83,139673.28,357384.65,0.00,74.83,497057.93,81018.31,-293.65,884068.12
9/5/2015,0.00,82668.09,74.55,217767.37,430349.80,0.00,74.55,648117.16,86127.75,3459.66,887527.78
9/6/2015,0.00,78337.63,74.00,199753.48,434384.55,0.00,74.00,634138.03,85283.59,6945.96,894473.74
9/7/2015,0.00,46691.10,74.22,140701.48,0.00,0.00,74.22,140701.48,68153.35,21462.25,915935.98
9/8/2015,0.00,48047.51,74.78,5040.84,0.00,0.00,74.78,5040.84,63765.26,15717.76,931653.74
9/9/2015,0.00,72310.11,74.30,166127.94,238076.30,0.00,74.30,404204.24,77429.00,5118.89,936772.63
9/10/2015,0.00,76904.43,73.47,144140.27,265349.14,0.00,73.47,409489.41,77082.94,178.51,936951.14
9/11/2015,0.00,84106.67,72.53,254578.85,494182.47,0.00,72.53,748761.32,88352.83,4246.15,941197.29
9/12/2015,0.00,83189.71,73.48,208564.77,316787.29,0.00,73.48,525352.05,81143.82,-2045.90,939151.40
9/13/2015,0.00,77709.64,74.45,189042.04,474263.35,0.00,74.45,663305.39,86594.15,8884.51,948035.91
9/14/2015,0.00,56847.30,74.78,208896.44,0.00,0.00,74.78,208896.44,70900.61,14053.31,962089.22
9/15/2015,0.00,53954.24,74.78,88110.32,0.00,0.00,74.78,88110.32,66674.11,12719.87,974809.08
9/16/2015,0.00,68674.84,73.62,176123.75,251361.08,0.00,73.62,427484.83,77805.81,9130.96,983940.05
9/17/2015,0.00,72117.66,72.76,156359.43,263961.63,0.00,72.76,420321.06,77002.05,4884.40,988824.44
9/18/2015,0.00,81342.03,73.39,173952.93,427960.31,0.00,73.39,601913.24,83764.56,2422.53,991246.98
9/19/2015,0.00,75636.50,71.80,176120.43,503881.23,0.00,71.80,680001.66,85477.24,9840.74,1001087.72
9/20/2015,0.00,76868.67,69.14,223862.11,421273.65,0.00,69.14,645135.77,82548.09,5679.42,1006767.14
9/21/2015,0.00,58332.79,69.67,336885.46,0.00,0.00,69.67,336885.46,72102.10,13769.31,1020536.44
9/22/2015,0.00,53655.76,67.96,191516.64,0.00,0.00,67.96,191516.64,65917.34,12261.58,1032798.02
9/23/2015,0.00,73787.15,65.58,152657.50,256611.94,0.00,65.58,409269.44,72011.82,-1775.33,1031022.69
9/24/2015,0.00,68552.58,67.22,180014.51,281561.16,0.00,67.22,461575.67,74889.82,6337.24,1037359.93
9/25/2015,0.00,76370.15,64.42,202506.51,531212.73,0.00,64.42,733719.24,82618.58,6248.43,1043608.36
9/26/2015,0.00,77610.55,58.28,269938.50,433026.35,0.00,58.28,702964.85,77600.63,-9.92,1043598.44
9/27/2015,0.00,77857.73,63.44,167112.10,445020.13,0.00,63.44,612132.23,77738.07,-119.66,1043478.78
9/28/2015,0.00,65814.86,67.18,108666.40,0.00,0.00,67.18,108666.40,62517.86,-3297.00,1040181.78
9/29/2015,0.00,49989.81,67.68,144257.16,0.00,0.00,67.68,144257.16,64081.31,14091.51,1054273.29
9/30/2015,0.00,70767.02,69.01,141196.11,202346.74,0.00,69.01,343542.86,71911.70,1144.68,1055417.97
10/1/2015,0.00,75087.84,68.79,199362.17,326659.39,0.00,68.79,526021.56,78153.03,3065.19,1058483.16
10/2/2015,0.00,81149.84,67.84,217242.29,453258.61,0.00,67.84,670500.90,82603.99,1454.15,1059937.31
10/3/2015,0.00,75249.96,67.44,237562.49,381089.83,0.00,67.44,618652.33,80533.53,5283.57,1065220.88
10/4/2015,0.00,72784.75,67.02,201149.86,421605.12,0.00,67.02,622754.98,80406.72,7621.97,1072842.85
10/5/2015,0.00,49521.28,71.24,214279.79,0.00,0.00,71.24,214279.79,68818.95,19297.67,1092140.52
10/6/2015,0.00,51096.95,56.05,0.00,0.00,0.00,56.05,0.00,51566.32,469.37,1092609.89
10/7/2015,0.00,68819.40,48.93,129004.52,314309.99,0.00,55.00,443314.51,66410.19,-2409.21,1090200.68
10/8/2015,0.00,73225.25,54.10,192921.79,266415.80,0.00,55.00,459337.59,66971.00,-6254.25,1083946.43
10/9/2015,0.00,77239.36,60.15,155203.86,365614.46,0.00,60.15,520818.32,72430.92,-4808.44,1079137.99
10/10/2015,0.00,70392.27,68.21,162717.49,225629.75,0.00,68.21,388347.24,72962.90,2570.63,1081708.62
10/11/2015,0.00,71788.53,68.78,177166.65,309554.92,0.00,68.78,486721.58,76774.28,4985.75,1086694.37
10/12/2015,0.00,50100.24,69.01,245184.76,0.00,0.00,69.01,245184.76,68469.36,18369.12,1105063.49
10/13/2015,0.00,48357.48,66.95,0.00,0.00,0.00,66.95,0.00,58564.58,10207.10,1115270.59
10/14/2015,0.00,68131.23,68.32,123935.52,204805.91,0.00,68.32,328741.42,70950.88,2819.65,1118090.24
10/15/2015,0.00,70565.08,70.04,134829.09,359050.35,0.00,70.04,493879.44,77831.61,7266.53,1125356.77
10/16/2015,0.00,69148.07,68.91,148528.96,341665.63,0.00,68.91,490194.58,76978.61,7830.53,1133187.30
10/17/2015,0.00,75216.36,57.17,208002.95,369783.03,0.00,57.17,577785.99,72512.54,-2703.82,1130483.48
10/18/2015,0.00,70414.57,55.28,158857.94,379643.56,0.00,55.28,538501.50,69920.26,-494.30,1129989.18
10/19/2015,0.00,45541.60,55.66,188346.28,0.00,0.00,55.66,188346.28,57911.29,12369.69,1142358.86
10/20/2015,0.00,44115.61,59.00,148297.07,0.00,0.00,59.00,148297.07,58654.99,14539.38,1156898.24
10/21/2015,0.00,70862.35,53.79,178745.42,390507.52,0.00,55.00,569252.94,70818.04,-44.31,1156853.93
10/22/2015,0.00,70641.87,53.95,198751.44,452892.62,0.00,55.00,651644.06,73701.73,3059.86,1159913.78
10/23/2015,0.00,72418.27,55.31,246968.37,373555.17,0.00,55.31,620523.54,72813.96,395.70,1160309.48
10/24/2015,0.00,70794.70,51.63,147018.90,339798.64,0.00,55.00,486817.54,67932.80,-2861.90,1157447.58
10/25/2015,0.00,68794.64,49.12,208206.50,341151.02,0.00,55.00,549357.51,70121.70,1327.06,1158774.64
10/26/2015,0.00,61494.45,51.27,415729.75,0.00,0.00,55.00,415729.75,65444.73,3950.28,1162724.92
10/27/2015,0.00,55624.04,52.49,135200.03,0.00,0.00,55.00,135200.03,55626.19,2.15,1162727.07
10/28/2015,0.00,67913.40,59.38,167407.41,244926.11,0.00,59.38,412333.51,68135.36,221.96,1162949.03
10/29/2015,0.00,78059.21,60.92,231492.43,447371.00,0.00,60.92,678863.43,78451.21,392.00,1163341.04
10/30/2015,0.00,71485.07,61.54,312259.59,441990.63,0.00,61.54,754250.22,81490.86,10005.79,1173346.82
10/31/2015,0.00,73198.29,62.35,183175.56,297600.19,0.00,62.35,480775.76,72440.94,-757.35,1172589.47
11/1/2015,0.00,63017.97,51.93,122693.72,251372.49,0.00,55.00,374066.21,63986.50,968.53,1173558.00
11/2/2015,0.00,50448.78,47.62,211603.25,0.00,0.00,55.00,211603.25,58300.30,7851.52,1181409.51
11/3/2015,0.00,43314.23,39.41,23893.26,0.00,0.00,55.00,23893.26,51730.45,8416.21,1189825.73
11/4/2015,0.00,53448.02,39.04,103711.21,172116.48,0.00,55.00,275827.69,60548.15,7100.14,1196925.86
11/5/2015,0.00,65494.41,40.40,113666.97,231825.35,0.00,55.00,345492.32,62986.42,-2508.00,1194417.87
11/6/2015,0.00,62859.19,47.48,119000.24,291345.42,0.00,55.00,410345.67,65256.28,2397.09,1196814.96
11/7/2015,0.00,65658.69,56.66,141899.72,285509.08,0.00,56.66,427408.80,66919.25,1260.56,1198075.52
11/8/2015,0.00,58770.07,58.08,140804.41,277012.83,0.00,58.08,417817.25,67491.76,8721.69,1206797.21
11/9/2015,0.00,38667.69,44.13,145593.22,0.00,0.00,55.00,145593.22,55989.95,17322.26,1224119.46
11/10/2015,0.00,44725.63,43.59,111159.87,0.00,0.00,55.00,111159.87,54784.78,10059.15,1234178.62
11/11/2015,0.00,68762.67,46.66,124805.64,344388.50,0.00,55.00,469194.14,67315.98,-1446.69,1232731.93
11/12/2015,0.00,75078.48,46.99,180408.25,403437.23,0.00,55.00,583845.48,71328.78,-3749.70,1228982.23
11/13/2015,0.00,69628.63,48.79,238042.48,386740.94,0.00,55.00,624783.42,72761.60,3132.98,1232115.20
11/14/2015,0.00,70423.25,54.70,180909.08,414186.58,0.00,55.00,595095.66,71722.53,1299.28,1233414.49
11/15/2015,0.00,65543.33,45.21,205207.72,298988.15,0.00,55.00,504195.86,68541.04,2997.71,1236412.19
11/16/2015,0.00,48833.67,34.11,330600.09,0.00,0.00,55.00,330600.09,62465.19,13631.52,1250043.71
11/17/2015,0.00,50348.86,34.68,76691.10,0.00,0.00,55.00,76691.10,53578.37,3229.52,1253273.23
11/18/2015,0.00,58628.43,44.48,109931.90,166278.90,0.00,55.00,276210.79,60561.56,1933.13,1255206.36
11/19/2015,0.00,67065.53,50.72,250932.03,364097.45,0.00,55.00,615029.47,72420.22,5354.68,1260561.04
11/20/2015,0.00,67573.12,28.67,217224.78,406984.36,0.00,55.00,624209.14,72741.50,5168.38,1265729.42
11/21/2015,0.00,67600.47,29.49,178190.44,298254.58,0.00,55.00,476445.02,67569.76,-30.71,1265698.71
11/22/2015,0.00,73745.43,39.28,161415.69,367816.09,0.00,55.00,529231.78,69417.30,-4328.13,1261370.58
11/23/2015,0.00,53595.57,43.12,323731.58,0.00,0.00,55.00,323731.58,62224.79,8629.22,1269999.80
11/24/2015,0.00,44407.91,45.06,25563.70,0.00,0.00,55.00,25563.70,51788.91,7381.00,1277380.80
11/25/2015,0.00,62693.36,58.68,152348.25,267343.90,0.00,58.68,419692.15,67943.44,5250.08,1282630.88
11/26/2015,0.00,73974.67,63.67,181979.08,454311.40,0.00,63.67,636290.48,78731.03,4756.36,1287387.23
11/27/2015,0.00,55360.40,49.06,219755.24,426583.71,0.00,55.00,646338.95,73516.05,18155.65,1305542.88
11/28/2015,0.00,41700.64,43.42,10792.15,14842.41,0.00,55.00,25634.56,51791.39,10090.75,1315633.63
11/29/2015,0.00,43388.03,38.29,30726.19,44583.09,0.00,55.00,75309.28,53530.01,10141.98,1325775.61
11/30/2015,0.00,43019.96,34.13,82632.49,0.00,0.00,55.00,82632.49,53786.32,10766.36,1336541.98
12/1/2015,0.00,48314.06,39.36,187965.39,0.00,0.00,55.00,187965.39,57472.97,9158.91,1345700.89
12/2/2015,0.00,68000.02,45.41,120500.57,346555.89,0.00,55.00,467056.45,67241.16,-758.85,1344942.04
12/3/2015,0.00,73470.91,49.35,167414.81,346127.54,0.00,55.00,513542.35,68868.17,-4602.75,1340339.29
12/4/2015,0.00,73340.16,52.14,208856.58,433779.06,0.00,55.00,642635.64,73386.43,46.28,1340385.57
12/5/2015,0.00,75109.91,56.00,121841.51,311758.18,0.00,56.00,433599.69,66712.31,-8397.61,1331987.96
12/6/2015,0.00,76693.74,58.19,237642.36,334989.84,0.00,58.19,572632.20,72984.34,-3709.40,1328278.56
12/7/2015,0.00,54180.22,56.14,393140.07,0.00,0.00,56.14,393140.07,65384.04,11203.82,1339482.38
12/8/2015,0.00,43318.03,57.39,50009.10,0.00,0.00,57.39,50009.10,54175.49,10857.46,1350339.85
12/9/2015,0.00,71292.20,46.28,143442.70,397850.50,0.00,55.00,541293.20,69839.45,-1452.75,1348887.09
12/10/2015,0.00,67866.53,39.02,178478.87,382775.45,0.00,55.00,561254.32,70538.09,2671.56,1351558.65
12/11/2015,0.00,63989.31,40.08,165833.00,400149.93,0.00,55.00,565982.93,70703.59,6714.28,1358272.93
12/12/2015,0.00,67775.86,37.56,210624.50,336452.12,0.00,55.00,547076.62,70041.87,2266.01,1360538.94
12/13/2015,0.00,65436.13,35.64,163641.46,465748.77,0.00,55.00,629390.23,72922.84,7486.72,1368025.65
12/14/2015,0.00,50857.32,36.09,241674.11,0.00,0.00,55.00,241674.11,59352.78,8495.46,1376521.11
12/15/2015,0.00,48945.69,37.89,0.00,0.00,0.00,55.00,0.00,50894.19,1948.49,1378469.61
12/16/2015,0.00,65830.14,39.74,154018.43,298976.95,0.00,55.00,452995.39,66749.02,918.88,1379388.49
12/17/2015,0.00,68197.86,40.44,204956.45,378965.06,0.00,55.00,583921.51,71331.44,3133.58,1382522.07
12/18/2015,0.00,69986.12,49.55,249251.99,347044.64,0.00,55.00,596296.64,71764.57,1778.45,1384300.52
12/19/2015,0.00,71684.05,42.29,184590.81,432769.75,0.00,55.00,617360.56,72501.80,817.75,1385118.27
12/20/2015,0.00,75285.99,40.94,253226.28,383020.65,0.00,55.00,636246.93,73162.83,-2123.16,1382995.11
12/21/2015,0.00,64915.23,42.87,359775.57,0.00,0.00,55.00,359775.57,63486.33,-1428.90,1381566.21
12/22/2015,0.00,50089.24,47.75,0.00,0.00,0.00,55.00,0.00,50894.19,804.94,1382371.16
12/23/2015,0.00,67735.01,47.88,162470.39,253054.90,0.00,55.00,415525.28,65437.57,-2297.44,1380073.71
12/24/2015,0.00,74127.61,47.01,213994.36,424794.77,0.00,55.00,638789.13,73251.80,-875.81,1379197.91
12/25/2015,0.00,65543.33,51.89,188004.11,265017.85,0.00,55.00,453021.96,66749.95,1206.62,1380404.53
12/26/2015,0.00,62859.19,47.48,171114.14,239231.52,0.00,55.00,410345.67,65256.28,2397.09,1382801.62
12/27/2015,0.00,65658.69,56.66,154721.99,272686.82,0.00,56.66,427408.80,66919.25,1260.56,1384062.18
12/28/2015,0.00,45056.50,40.67,88400.42,0.00,0.00,55.00,88400.42,53988.20,8931.70,1392993.88
12/29/2015,0.00,51158.38,46.71,0.00,0.00,0.00,55.00,0.00,50894.19,-264.20,1392729.68
12/30/2015,0.00,65546.41,59.46,174131.84,380428.17,0.00,59.46,554560.01,73168.98,7622.58,1400352.26
12/31/2015,0.00,71271.42,56.69,210188.54,400824.65,0.00,56.69,611013.19,73366.81,2095.39,1402447.65
